{
	"credit": "Made with Blockbench",
	"texture_size": [64, 32],
	"textures": {
		"1": "statues/blaze",
		"particle": "statues/blaze"
	},
	"elements": [
		{
			"name": "upperBodyParts0",
			"from": [-2, 18, 5],
			"to": [0, 26, 7],
			"rotation": {"angle": 0, "axis": "y", "origin": [8, 0, 8]},
			"faces": {
				"north": {"uv": [0.5, 9, 1, 13], "texture": "#1"},
				"east": {"uv": [0, 9, 0.5, 13], "texture": "#1"},
				"south": {"uv": [1.5, 9, 2, 13], "texture": "#1"},
				"west": {"uv": [1, 9, 1.5, 13], "texture": "#1"},
				"up": {"uv": [1, 9, 0.5, 8], "texture": "#1"},
				"down": {"uv": [1.5, 8, 1, 9], "texture": "#1"}
			}
		},
		{
			"name": "upperBodyParts1",
			"from": [16, 18, 9],
			"to": [18, 26, 11],
			"rotation": {"angle": 0, "axis": "y", "origin": [8, 0, 8]},
			"faces": {
				"north": {"uv": [0.5, 9, 1, 13], "texture": "#1"},
				"east": {"uv": [0, 9, 0.5, 13], "texture": "#1"},
				"south": {"uv": [1.5, 9, 2, 13], "texture": "#1"},
				"west": {"uv": [1, 9, 1.5, 13], "texture": "#1"},
				"up": {"uv": [1, 9, 0.5, 8], "texture": "#1"},
				"down": {"uv": [1.5, 8, 1, 9], "texture": "#1"}
			}
		},
		{
			"name": "upperBodyParts2",
			"from": [5, 18, 16],
			"to": [7, 26, 18],
			"rotation": {"angle": 0, "axis": "y", "origin": [8, 0, 8]},
			"faces": {
				"north": {"uv": [0.5, 9, 1, 13], "texture": "#1"},
				"east": {"uv": [0, 9, 0.5, 13], "texture": "#1"},
				"south": {"uv": [1.5, 9, 2, 13], "texture": "#1"},
				"west": {"uv": [1, 9, 1.5, 13], "texture": "#1"},
				"up": {"uv": [1, 9, 0.5, 8], "texture": "#1"},
				"down": {"uv": [1.5, 8, 1, 9], "texture": "#1"}
			}
		},
		{
			"name": "upperBodyParts3",
			"from": [9, 18, -2],
			"to": [11, 26, 0],
			"rotation": {"angle": 0, "axis": "y", "origin": [8, 0, 8]},
			"faces": {
				"north": {"uv": [0.5, 9, 1, 13], "texture": "#1"},
				"east": {"uv": [0, 9, 0.5, 13], "texture": "#1"},
				"south": {"uv": [1.5, 9, 2, 13], "texture": "#1"},
				"west": {"uv": [1, 9, 1.5, 13], "texture": "#1"},
				"up": {"uv": [1, 9, 0.5, 8], "texture": "#1"},
				"down": {"uv": [1.5, 8, 1, 9], "texture": "#1"}
			}
		},
		{
			"name": "upperBodyParts4",
			"from": [1, 10, 7],
			"to": [3, 18, 9],
			"rotation": {"angle": 0, "axis": "y", "origin": [8, 0, 8]},
			"faces": {
				"north": {"uv": [0.5, 9, 1, 13], "texture": "#1"},
				"east": {"uv": [0, 9, 0.5, 13], "texture": "#1"},
				"south": {"uv": [1.5, 9, 2, 13], "texture": "#1"},
				"west": {"uv": [1, 9, 1.5, 13], "texture": "#1"},
				"up": {"uv": [1, 9, 0.5, 8], "texture": "#1"},
				"down": {"uv": [1.5, 8, 1, 9], "texture": "#1"}
			}
		},
		{
			"name": "upperBodyParts5",
			"from": [13, 10, 7],
			"to": [15, 18, 9],
			"rotation": {"angle": 0, "axis": "y", "origin": [8, 0, 8]},
			"faces": {
				"north": {"uv": [0.5, 9, 1, 13], "texture": "#1"},
				"east": {"uv": [0, 9, 0.5, 13], "texture": "#1"},
				"south": {"uv": [1.5, 9, 2, 13], "texture": "#1"},
				"west": {"uv": [1, 9, 1.5, 13], "texture": "#1"},
				"up": {"uv": [1, 9, 0.5, 8], "texture": "#1"},
				"down": {"uv": [1.5, 8, 1, 9], "texture": "#1"}
			}
		},
		{
			"name": "upperBodyParts6",
			"from": [7, 10, 13],
			"to": [9, 18, 15],
			"rotation": {"angle": 0, "axis": "y", "origin": [8, 0, 8]},
			"faces": {
				"north": {"uv": [0.5, 9, 1, 13], "texture": "#1"},
				"east": {"uv": [0, 9, 0.5, 13], "texture": "#1"},
				"south": {"uv": [1.5, 9, 2, 13], "texture": "#1"},
				"west": {"uv": [1, 9, 1.5, 13], "texture": "#1"},
				"up": {"uv": [1, 9, 0.5, 8], "texture": "#1"},
				"down": {"uv": [1.5, 8, 1, 9], "texture": "#1"}
			}
		},
		{
			"name": "upperBodyParts7",
			"from": [7, 10, 1],
			"to": [9, 18, 3],
			"rotation": {"angle": 0, "axis": "y", "origin": [8, 0, 8]},
			"faces": {
				"north": {"uv": [0.5, 9, 1, 13], "texture": "#1"},
				"east": {"uv": [0, 9, 0.5, 13], "texture": "#1"},
				"south": {"uv": [1.5, 9, 2, 13], "texture": "#1"},
				"west": {"uv": [1, 9, 1.5, 13], "texture": "#1"},
				"up": {"uv": [1, 9, 0.5, 8], "texture": "#1"},
				"down": {"uv": [1.5, 8, 1, 9], "texture": "#1"}
			}
		},
		{
			"name": "upperBodyParts8",
			"from": [3, 0, 10],
			"to": [5, 8, 12],
			"rotation": {"angle": 0, "axis": "y", "origin": [8, 0, 8]},
			"faces": {
				"north": {"uv": [0.5, 9, 1, 13], "texture": "#1"},
				"east": {"uv": [0, 9, 0.5, 13], "texture": "#1"},
				"south": {"uv": [1.5, 9, 2, 13], "texture": "#1"},
				"west": {"uv": [1, 9, 1.5, 13], "texture": "#1"},
				"up": {"uv": [1, 9, 0.5, 8], "texture": "#1"},
				"down": {"uv": [1.5, 8, 1, 9], "texture": "#1"}
			}
		},
		{
			"name": "upperBodyParts9",
			"from": [11, 0, 4],
			"to": [13, 8, 6],
			"rotation": {"angle": 0, "axis": "y", "origin": [8, 0, 8]},
			"faces": {
				"north": {"uv": [0.5, 9, 1, 13], "texture": "#1"},
				"east": {"uv": [0, 9, 0.5, 13], "texture": "#1"},
				"south": {"uv": [1.5, 9, 2, 13], "texture": "#1"},
				"west": {"uv": [1, 9, 1.5, 13], "texture": "#1"},
				"up": {"uv": [1, 9, 0.5, 8], "texture": "#1"},
				"down": {"uv": [1.5, 8, 1, 9], "texture": "#1"}
			}
		},
		{
			"name": "upperBodyParts10",
			"from": [10, 0, 11],
			"to": [12, 8, 13],
			"rotation": {"angle": 0, "axis": "y", "origin": [8, 0, 8]},
			"faces": {
				"north": {"uv": [0.5, 9, 1, 13], "texture": "#1"},
				"east": {"uv": [0, 9, 0.5, 13], "texture": "#1"},
				"south": {"uv": [1.5, 9, 2, 13], "texture": "#1"},
				"west": {"uv": [1, 9, 1.5, 13], "texture": "#1"},
				"up": {"uv": [1, 9, 0.5, 8], "texture": "#1"},
				"down": {"uv": [1.5, 8, 1, 9], "texture": "#1"}
			}
		},
		{
			"name": "upperBodyParts11",
			"from": [4, 0, 3],
			"to": [6, 8, 5],
			"rotation": {"angle": 0, "axis": "y", "origin": [8, 0, 8]},
			"faces": {
				"north": {"uv": [0.5, 9, 1, 13], "texture": "#1"},
				"east": {"uv": [0, 9, 0.5, 13], "texture": "#1"},
				"south": {"uv": [1.5, 9, 2, 13], "texture": "#1"},
				"west": {"uv": [1, 9, 1.5, 13], "texture": "#1"},
				"up": {"uv": [1, 9, 0.5, 8], "texture": "#1"},
				"down": {"uv": [1.5, 8, 1, 9], "texture": "#1"}
			}
		},
		{
			"name": "head",
			"from": [4, 20, 4],
			"to": [12, 28, 12],
			"rotation": {"angle": 0, "axis": "y", "origin": [8, 0, 8]},
			"faces": {
				"north": {"uv": [2, 4, 4, 8], "texture": "#1"},
				"east": {"uv": [0, 4, 2, 8], "texture": "#1"},
				"south": {"uv": [6, 4, 8, 8], "texture": "#1"},
				"west": {"uv": [4, 4, 6, 8], "texture": "#1"},
				"up": {"uv": [4, 4, 2, 0], "texture": "#1"},
				"down": {"uv": [6, 0, 4, 4], "texture": "#1"}
			}
		}
	],
	"display": {
		"head": {
			"translation": [0, 47.5, 0],
			"scale": [1.75, 1.75, 1.75]
		}
	},
	"groups": [
		{
			"name": "upperBodyParts0",
			"origin": [-8, 26, -3],
			"children": [0]
		},
		{
			"name": "upperBodyParts1",
			"origin": [10, 26, 1],
			"children": [1]
		},
		{
			"name": "upperBodyParts2",
			"origin": [-1, 26, 8],
			"children": [2]
		},
		{
			"name": "upperBodyParts3",
			"origin": [3, 26, -10],
			"children": [3]
		},
		{
			"name": "upperBodyParts4",
			"origin": [-5, 18, -1],
			"children": [4]
		},
		{
			"name": "upperBodyParts5",
			"origin": [7, 18, -1],
			"children": [5]
		},
		{
			"name": "upperBodyParts6",
			"origin": [1, 18, 5],
			"children": [6]
		},
		{
			"name": "upperBodyParts7",
			"origin": [1, 18, -7],
			"children": [7]
		},
		{
			"name": "upperBodyParts8",
			"origin": [-3, 8, 2],
			"children": [8]
		},
		{
			"name": "upperBodyParts9",
			"origin": [5, 8, -4],
			"children": [9]
		},
		{
			"name": "upperBodyParts10",
			"origin": [4, 8, 3],
			"children": [10]
		},
		{
			"name": "upperBodyParts11",
			"origin": [-2, 8, -5],
			"children": [11]
		},
		{
			"name": "head",
			"origin": [0, 24, 0],
			"children": [12]
		}
	]
}