{
	"credit": "Made with Blockbench",
	"texture_size": [64, 32],
	"textures": {
		"0": "statues/chicken",
		"particle": "statues/chicken"
	},
	"elements": [
		{
			"name": "Feet",
			"from": [5, 0, 4],
			"to": [8, 0, 7],
			"rotation": {"angle": 0, "axis": "y", "origin": [13, 8, 12]},
			"faces": {
				"east": {"uv": [0, 0, 0, 0], "texture": "#missing"},
				"up": {"uv": [8, 0, 8.75, 1.5], "rotation": 180, "texture": "#0"},
				"down": {"uv": [8, 0, 8.75, 1.5], "texture": "#0"}
			}
		},
		{
			"name": "Feet",
			"from": [8, 0, 4],
			"to": [11, 0, 7],
			"rotation": {"angle": 0, "axis": "y", "origin": [16, 8, 12]},
			"faces": {
				"east": {"uv": [0, 0, 0, 0], "texture": "#missing"},
				"up": {"uv": [8, 0, 8.75, 1.5], "rotation": 180, "texture": "#0"},
				"down": {"uv": [8, 0, 8.75, 1.5], "texture": "#0"}
			}
		},
		{
			"name": "Leg",
			"from": [6, 0, 7],
			"to": [7, 4, 7],
			"rotation": {"angle": 0, "axis": "y", "origin": [14, 8, 14]},
			"faces": {
				"north": {"uv": [9, 1.5, 9.25, 4], "texture": "#0"},
				"south": {"uv": [9, 1.5, 9.25, 4], "texture": "#0"}
			}
		},
		{
			"name": "Leg",
			"from": [9, 0, 7],
			"to": [10, 4, 7],
			"rotation": {"angle": 0, "axis": "y", "origin": [17, 8, 14]},
			"faces": {
				"north": {"uv": [9, 1.5, 9.25, 4], "texture": "#0"},
				"south": {"uv": [9, 1.5, 9.25, 4], "texture": "#0"}
			}
		},
		{
			"name": "Body",
			"from": [5, 4, 3],
			"to": [11, 10, 11],
			"rotation": {"angle": 0, "axis": "y", "origin": [13, 12, 11]},
			"faces": {
				"north": {"uv": [4.25, 7.5, 6, 10.5], "texture": "#0"},
				"east": {"uv": [3.5, 7.5, 5.5, 10.5], "texture": "#0"},
				"south": {"uv": [4.5, 8, 6, 11], "texture": "#0"},
				"west": {"uv": [3.75, 8.5, 5.75, 11.5], "texture": "#0"},
				"up": {"uv": [3.5, 7.5, 5, 11.5], "texture": "#0"},
				"down": {"uv": [1.5, 7.5, 3, 11.5], "texture": "#0"}
			}
		},
		{
			"name": "Wings",
			"from": [4, 7, 4],
			"to": [5, 10, 10],
			"rotation": {"angle": 0, "axis": "y", "origin": [12, 15, 12]},
			"faces": {
				"north": {"uv": [7.75, 8, 8, 9.5], "texture": "#0"},
				"south": {"uv": [7.5, 6.5, 7.75, 8], "texture": "#0"},
				"west": {"uv": [6, 9.5, 7.5, 11], "texture": "#0"},
				"up": {"uv": [7.75, 6.5, 8, 9.5], "texture": "#0"},
				"down": {"uv": [7.75, 6.5, 8, 9.5], "texture": "#0"}
			}
		},
		{
			"name": "Wings",
			"from": [11, 7, 4],
			"to": [12, 10, 10],
			"rotation": {"angle": 0, "axis": "y", "origin": [19, 15, 12]},
			"faces": {
				"north": {"uv": [7.75, 8, 8, 9.5], "texture": "#0"},
				"east": {"uv": [7.5, 10, 9, 11.5], "texture": "#0"},
				"south": {"uv": [7.5, 6.5, 7.75, 8], "texture": "#0"},
				"up": {"uv": [7.75, 6.5, 8, 9.5], "texture": "#0"},
				"down": {"uv": [7.75, 6.5, 8, 9.5], "texture": "#0"}
			}
		},
		{
			"name": "Head",
			"from": [6, 8, 1],
			"to": [10, 14, 4],
			"rotation": {"angle": 0, "axis": "y", "origin": [14, 16, 9]},
			"faces": {
				"north": {"uv": [0.75, 1.5, 1.75, 4.5], "texture": "#0"},
				"east": {"uv": [0, 1.5, 0.75, 4.5], "texture": "#0"},
				"south": {"uv": [1.75, 1.5, 2.75, 4.5], "texture": "#0"},
				"west": {"uv": [1.75, 1.5, 2.5, 4.5], "texture": "#0"},
				"up": {"uv": [0.75, 0, 1.75, 1.5], "texture": "#0"},
				"down": {"uv": [1.75, 0, 2.75, 1.5], "texture": "#0"}
			}
		},
		{
			"name": "Beak",
			"from": [6, 10, -1],
			"to": [10, 12, 1],
			"rotation": {"angle": 0, "axis": "y", "origin": [14, 18, 8]},
			"faces": {
				"north": {"uv": [4, 1, 5, 2], "texture": "#0"},
				"east": {"uv": [3.5, 1, 4, 2], "texture": "#0"},
				"west": {"uv": [5, 1, 5.5, 2], "texture": "#0"},
				"up": {"uv": [4, 0, 5, 1], "rotation": 180, "texture": "#0"},
				"down": {"uv": [5, 0, 6, 1], "texture": "#0"}
			}
		},
		{
			"name": "Talon",
			"from": [7, 8, 0],
			"to": [9, 10, 1],
			"rotation": {"angle": 0, "axis": "y", "origin": [15, 16, 8]},
			"faces": {
				"north": {"uv": [4, 3, 4.5, 4], "texture": "#0"},
				"east": {"uv": [4.25, 3, 4.5, 4], "texture": "#0"},
				"west": {"uv": [4.5, 2, 4.75, 3], "texture": "#0"},
				"down": {"uv": [4.25, 2.5, 4.75, 3], "texture": "#0"}
			}
		}
	],
	"display": {
		"head": {
			"translation": [0, 48, 0],
			"scale": [1.75, 1.75, 1.75]
		}
	}
}