{
	"credit": "Made with Blockbench",
	"texture_size": [64, 64],
	"textures": {
		"0": "item/dragon",
		"2": "statues/dragon",
		"particle": "item/dragon"
	},
	"elements": [
		{
			"name": "Body",
			"from": [4, 0, 6],
			"to": [12, 12, 10],
			"rotation": {"angle": 0, "axis": "y", "origin": [8, -12, 8]},
			"faces": {
				"north": {"uv": [5, 5, 7, 8], "texture": "#2"},
				"east": {"uv": [4, 5, 5, 8], "texture": "#2"},
				"south": {"uv": [8, 5, 10, 8], "texture": "#2"},
				"west": {"uv": [7, 5, 8, 8], "texture": "#2"},
				"up": {"uv": [7, 5, 5, 4], "texture": "#2"},
				"down": {"uv": [9, 4, 7, 5], "texture": "#2"}
			}
		},
		{
			"name": "Body Layer",
			"from": [3.75, -0.25, 5.75],
			"to": [12.25, 12.25, 10.25],
			"rotation": {"angle": 0, "axis": "y", "origin": [8, -12, 8]},
			"faces": {
				"north": {"uv": [5, 9, 7, 12], "texture": "#2"},
				"east": {"uv": [4, 9, 5, 12], "texture": "#2"},
				"south": {"uv": [8, 9, 10, 12], "texture": "#2"},
				"west": {"uv": [7, 9, 8, 12], "texture": "#2"},
				"up": {"uv": [7, 9, 5, 8], "texture": "#2"},
				"down": {"uv": [9, 8, 7, 9], "texture": "#2"}
			}
		},
		{
			"name": "Right Arm",
			"from": [12, 0, 6],
			"to": [16, 12, 10],
			"rotation": {"angle": 0, "axis": "y", "origin": [8, -12, 8]},
			"faces": {
				"north": {"uv": [11, 5, 12, 8], "texture": "#2"},
				"east": {"uv": [10, 5, 11, 8], "texture": "#2"},
				"south": {"uv": [13, 5, 14, 8], "texture": "#2"},
				"west": {"uv": [12, 5, 13, 8], "texture": "#2"},
				"up": {"uv": [12, 5, 11, 4], "texture": "#2"},
				"down": {"uv": [13, 4, 12, 5], "texture": "#2"}
			}
		},
		{
			"name": "Right Arm Layer",
			"from": [11.75, -0.25, 5.75],
			"to": [16.25, 12.25, 10.25],
			"rotation": {"angle": 0, "axis": "y", "origin": [8, -12, 8]},
			"faces": {
				"north": {"uv": [11, 9, 12, 12], "texture": "#2"},
				"east": {"uv": [10, 9, 11, 12], "texture": "#2"},
				"south": {"uv": [13, 9, 14, 12], "texture": "#2"},
				"west": {"uv": [12, 9, 13, 12], "texture": "#2"},
				"up": {"uv": [12, 9, 11, 8], "texture": "#2"},
				"down": {"uv": [13, 8, 12, 9], "texture": "#2"}
			}
		},
		{
			"name": "Left Arm",
			"from": [0, 0, 6],
			"to": [4, 12, 10],
			"rotation": {"angle": 0, "axis": "y", "origin": [8, -12, 8]},
			"faces": {
				"north": {"uv": [9, 13, 10, 16], "texture": "#2"},
				"east": {"uv": [8, 13, 9, 16], "texture": "#2"},
				"south": {"uv": [11, 13, 12, 16], "texture": "#2"},
				"west": {"uv": [10, 13, 11, 16], "texture": "#2"},
				"up": {"uv": [10, 13, 9, 12], "texture": "#2"},
				"down": {"uv": [11, 12, 10, 13], "texture": "#2"}
			}
		},
		{
			"name": "Left Arm Layer",
			"from": [-0.25, -0.25, 5.75],
			"to": [4.25, 12.25, 10.25],
			"rotation": {"angle": 0, "axis": "y", "origin": [8, -12, 8]},
			"faces": {
				"north": {"uv": [13, 13, 14, 16], "texture": "#2"},
				"east": {"uv": [12, 13, 13, 16], "texture": "#2"},
				"south": {"uv": [15, 13, 16, 16], "texture": "#2"},
				"west": {"uv": [14, 13, 15, 16], "texture": "#2"},
				"up": {"uv": [14, 13, 13, 12], "texture": "#2"},
				"down": {"uv": [15, 12, 14, 13], "texture": "#2"}
			}
		},
		{
			"name": "Right Leg",
			"from": [7.9, -12, 6],
			"to": [11.9, 0, 10],
			"rotation": {"angle": 0, "axis": "y", "origin": [8, -12, 8]},
			"faces": {
				"north": {"uv": [1, 5, 2, 8], "texture": "#2"},
				"east": {"uv": [0, 5, 1, 8], "texture": "#2"},
				"south": {"uv": [3, 5, 4, 8], "texture": "#2"},
				"west": {"uv": [2, 5, 3, 8], "texture": "#2"},
				"up": {"uv": [2, 5, 1, 4], "texture": "#2"},
				"down": {"uv": [3, 4, 2, 5], "texture": "#2"}
			}
		},
		{
			"name": "Right Leg Layer",
			"from": [7.65, -12.25, 5.75],
			"to": [12.15, 0.25, 10.25],
			"rotation": {"angle": 0, "axis": "y", "origin": [8, -12, 8]},
			"faces": {
				"north": {"uv": [1, 9, 2, 12], "texture": "#2"},
				"east": {"uv": [0, 9, 1, 12], "texture": "#2"},
				"south": {"uv": [3, 9, 4, 12], "texture": "#2"},
				"west": {"uv": [2, 9, 3, 12], "texture": "#2"},
				"up": {"uv": [2, 9, 1, 8], "texture": "#2"},
				"down": {"uv": [3, 8, 2, 9], "texture": "#2"}
			}
		},
		{
			"name": "Left Leg",
			"from": [4.1, -12, 6],
			"to": [8.1, 0, 10],
			"rotation": {"angle": 0, "axis": "y", "origin": [8, -12, 8]},
			"faces": {
				"north": {"uv": [5, 13, 6, 16], "texture": "#2"},
				"east": {"uv": [4, 13, 5, 16], "texture": "#2"},
				"south": {"uv": [7, 13, 8, 16], "texture": "#2"},
				"west": {"uv": [6, 13, 7, 16], "texture": "#2"},
				"up": {"uv": [6, 13, 5, 12], "texture": "#2"},
				"down": {"uv": [7, 12, 6, 13], "texture": "#2"}
			}
		},
		{
			"name": "Left Leg Layer",
			"from": [3.85, -12.25, 5.75],
			"to": [8.35, 0.25, 10.25],
			"rotation": {"angle": 0, "axis": "y", "origin": [8, -12, 8]},
			"faces": {
				"north": {"uv": [1, 13, 2, 16], "texture": "#2"},
				"east": {"uv": [0, 13, 1, 16], "texture": "#2"},
				"south": {"uv": [3, 13, 4, 16], "texture": "#2"},
				"west": {"uv": [2, 13, 3, 16], "texture": "#2"},
				"up": {"uv": [2, 13, 1, 12], "texture": "#2"},
				"down": {"uv": [3, 12, 2, 13], "texture": "#2"}
			}
		},
		{
			"name": "Base Head",
			"from": [4, 12, 4],
			"to": [12, 20, 12],
			"rotation": {"angle": 0, "axis": "y", "origin": [12, 20, 12]},
			"faces": {
				"north": {"uv": [8, 2.875, 9, 3.875], "texture": "#0"},
				"east": {"uv": [7, 2.875, 8, 3.876], "texture": "#0"},
				"south": {"uv": [10, 2.876, 11, 3.875], "texture": "#0"},
				"west": {"uv": [9, 2.875, 10, 3.875], "texture": "#0"},
				"up": {"uv": [8, 1.875, 8.999, 2.876], "rotation": 180, "texture": "#0"},
				"down": {"uv": [10, 2.875, 11, 3.875], "texture": "#0"}
			}
		},
		{
			"name": "Horn",
			"from": [5.5, 20, 7],
			"to": [6.5, 22, 10],
			"rotation": {"angle": 0, "axis": "y", "origin": [14, 28, 15]},
			"faces": {
				"north": {"uv": [0.375, 0.375, 0.501, 0.625], "texture": "#0"},
				"east": {"uv": [3, 0.375, 3.375, 0.626], "texture": "#0"},
				"south": {"uv": [0.875, 0.375, 1, 0.626], "texture": "#0"},
				"west": {"uv": [3.5, 0.375, 3.876, 0.626], "texture": "#0"},
				"up": {"uv": [0.375, 0.251, 0.5, 0.625], "texture": "#0"}
			}
		},
		{
			"name": "Horn",
			"from": [9.5, 20, 7],
			"to": [10.5, 22, 10],
			"rotation": {"angle": 0, "axis": "y", "origin": [18, 28, 15]},
			"faces": {
				"north": {"uv": [0.375, 0.375, 0.501, 0.625], "texture": "#0"},
				"east": {"uv": [3, 0.375, 3.375, 0.626], "texture": "#0"},
				"south": {"uv": [0.875, 0.375, 1, 0.626], "texture": "#0"},
				"west": {"uv": [3.5, 0.375, 3.876, 0.626], "texture": "#0"},
				"up": {"uv": [0.375, 0.251, 0.5, 0.625], "texture": "#0"}
			}
		},
		{
			"name": "Jaw",
			"from": [5, 12, -6],
			"to": [11, 14, 2],
			"rotation": {"angle": -22.5, "axis": "x", "origin": [13, 20, 2]},
			"faces": {
				"north": {"uv": [12, 5.063, 12.749, 5.312], "texture": "#0"},
				"east": {"uv": [11.001, 5.063, 12.001, 5.313], "texture": "#0"},
				"south": {"uv": [13.75, 5.063, 14.5, 5.313], "texture": "#0"},
				"west": {"uv": [12.688, 5.063, 13.688, 5.312], "texture": "#0"},
				"up": {"uv": [12, 4.063, 12.751, 5.063], "rotation": 180, "texture": "#0"},
				"down": {"uv": [12.75, 4.063, 13.5, 5.062], "texture": "#0"}
			}
		},
		{
			"name": "Mouth Top",
			"from": [5, 14, -4],
			"to": [11, 16.5, 4],
			"rotation": {"angle": 0, "axis": "y", "origin": [13, 22, 4]},
			"faces": {
				"north": {"uv": [12, 3.75, 12.75, 4.062], "texture": "#0"},
				"east": {"uv": [11, 3.751, 12.001, 4.063], "texture": "#0"},
				"south": {"uv": [13.751, 3.75, 14.5, 4.062], "texture": "#0"},
				"west": {"uv": [12.688, 3.75, 13.687, 4.062], "texture": "#0"},
				"up": {"uv": [12, 2.75, 12.751, 3.751], "texture": "#0"},
				"down": {"uv": [12.001, 4.063, 12.749, 5.063], "texture": "#0"}
			}
		},
		{
			"name": "Nostril",
			"from": [5.5, 16.5, -3],
			"to": [6.5, 17.5, -1],
			"rotation": {"angle": 0, "axis": "y", "origin": [14, 24, 5]},
			"faces": {
				"north": {"uv": [7.625, 0.25, 7.751, 0.375], "texture": "#0"},
				"east": {"uv": [7.375, 0.25, 7.625, 0.375], "texture": "#0"},
				"south": {"uv": [7, 0.25, 7.125, 0.376], "texture": "#0"},
				"west": {"uv": [7.375, 0.25, 7.625, 0.375], "texture": "#0"},
				"up": {"uv": [7.25, 0, 7.5, 0.126], "rotation": 90, "texture": "#0"}
			}
		},
		{
			"name": "Nostril",
			"from": [9.5, 16.5, -3],
			"to": [10.5, 17.5, -1],
			"rotation": {"angle": 0, "axis": "y", "origin": [16, 24, 5]},
			"faces": {
				"north": {"uv": [7.625, 0.25, 7.751, 0.375], "texture": "#0"},
				"east": {"uv": [7.375, 0.25, 7.625, 0.375], "texture": "#0"},
				"south": {"uv": [7, 0.25, 7.125, 0.376], "texture": "#0"},
				"west": {"uv": [7.375, 0.25, 7.625, 0.375], "texture": "#0"},
				"up": {"uv": [7.25, 0, 7.5, 0.126], "rotation": 90, "texture": "#0"}
			}
		}
	],
	"display": {
		"ground": {
			"scale": [0, 0, 0]
		},
		"gui": {
			"rotation": [30, -135, 0],
			"translation": [-2, 1, 0],
			"scale": [0.4, 0.4, 0.4]
		},
		"head": {
			"translation": [0, 69, 0],
			"scale": [1.75, 1.75, 1.75]
		}
	},
	"groups": [
		{
			"name": "Body",
			"origin": [0, 24, 0],
			"children": [0, 1]
		},
		{
			"name": "RightArm",
			"origin": [5, 22, 0],
			"children": [2, 3]
		},
		{
			"name": "LeftArm",
			"origin": [-5, 22, 0],
			"children": [4, 5]
		},
		{
			"name": "RightLeg",
			"origin": [1.9, 12, 0],
			"children": [6, 7]
		},
		{
			"name": "LeftLeg",
			"origin": [-1.9, 12, 0],
			"children": [8, 9]
		},
		{
			"name": "dragon_skull",
			"origin": [8, 8, 8],
			"children": [10, 11, 12, 13, 14, 15, 16]
		}
	]
}