{
	"credit": "Made with Blockbench",
	"texture_size": [64, 32],
	"textures": {
		"1": "statues/enderman",
		"particle": "statues/enderman"
	},
	"elements": [
		{
			"name": "head",
			"from": [4.5, 20, 4.5],
			"to": [11.5, 27, 11.5],
			"rotation": {"angle": 0, "axis": "y", "origin": [8, -5, 8]},
			"faces": {
				"north": {"uv": [2, 4, 4, 8], "texture": "#1"},
				"east": {"uv": [0, 4, 2, 8], "texture": "#1"},
				"south": {"uv": [6, 4, 8, 8], "texture": "#1"},
				"west": {"uv": [4, 4, 6, 8], "texture": "#1"},
				"up": {"uv": [4, 4, 2, 0], "texture": "#1"},
				"down": {"uv": [6, 0, 4, 4], "texture": "#1"}
			}
		},
		{
			"name": "head layer",
			"from": [4.5, 20, 4.5],
			"to": [11.5, 27, 11.5],
			"rotation": {"angle": 0, "axis": "y", "origin": [8, -5, 8]},
			"faces": {
				"north": {"uv": [2, 12, 4, 16], "texture": "#1"},
				"east": {"uv": [0, 12, 2, 16], "texture": "#1"},
				"south": {"uv": [6, 12, 8, 16], "texture": "#1"},
				"west": {"uv": [4, 12, 6, 16], "texture": "#1"},
				"up": {"uv": [4, 12, 2, 8], "texture": "#1"},
				"down": {"uv": [6, 8, 4, 12], "texture": "#1"}
			}
		},
		{
			"name": "body",
			"from": [4, 8, 6],
			"to": [12, 20, 10],
			"rotation": {"angle": 0, "axis": "y", "origin": [8, -12, 8]},
			"faces": {
				"north": {"uv": [9, 10, 11, 16], "texture": "#1"},
				"east": {"uv": [8, 10, 9, 16], "texture": "#1"},
				"south": {"uv": [12, 10, 14, 16], "texture": "#1"},
				"west": {"uv": [11, 10, 12, 16], "texture": "#1"},
				"up": {"uv": [11, 10, 9, 8], "texture": "#1"},
				"down": {"uv": [13, 8, 11, 10], "texture": "#1"}
			}
		},
		{
			"name": "rightArm",
			"from": [12, -10, 7],
			"to": [14, 20, 9],
			"rotation": {"angle": 0, "axis": "y", "origin": [8, -12, 8]},
			"faces": {
				"north": {"uv": [14.5, 1, 15, 16], "texture": "#1"},
				"east": {"uv": [14, 1, 14.5, 16], "texture": "#1"},
				"south": {"uv": [15.5, 1, 16, 16], "texture": "#1"},
				"west": {"uv": [15, 1, 15.5, 16], "texture": "#1"},
				"up": {"uv": [15, 1, 14.5, 0], "texture": "#1"},
				"down": {"uv": [15.5, 0, 15, 1], "texture": "#1"}
			}
		},
		{
			"name": "leftArm",
			"from": [2, -10, 7],
			"to": [4, 20, 9],
			"shade": false,
			"rotation": {"angle": 0, "axis": "y", "origin": [8, -12, 8]},
			"faces": {
				"north": {"uv": [15, 1, 14.5, 16], "texture": "#1"},
				"east": {"uv": [15.5, 1, 15, 16], "texture": "#1"},
				"south": {"uv": [16, 1, 15.5, 16], "texture": "#1"},
				"west": {"uv": [14.5, 1, 14, 16], "texture": "#1"},
				"up": {"uv": [14.5, 1, 15, 0], "texture": "#1"},
				"down": {"uv": [15, 0, 15.5, 1], "texture": "#1"}
			}
		},
		{
			"name": "rightLeg",
			"from": [9, -16, 7],
			"to": [11, 14, 9],
			"rotation": {"angle": 0, "axis": "y", "origin": [8, -12, 8]},
			"faces": {
				"north": {"uv": [14.5, 1, 15, 16], "texture": "#1"},
				"east": {"uv": [14, 1, 14.5, 16], "texture": "#1"},
				"south": {"uv": [15.5, 1, 16, 16], "texture": "#1"},
				"west": {"uv": [15, 1, 15.5, 16], "texture": "#1"},
				"up": {"uv": [15, 1, 14.5, 0], "texture": "#1"},
				"down": {"uv": [15.5, 0, 15, 1], "texture": "#1"}
			}
		},
		{
			"name": "leftLeg",
			"from": [5, -16, 7],
			"to": [7, 14, 9],
			"shade": false,
			"rotation": {"angle": 0, "axis": "y", "origin": [8, -12, 8]},
			"faces": {
				"north": {"uv": [15, 1, 14.5, 16], "texture": "#1"},
				"east": {"uv": [15.5, 1, 15, 16], "texture": "#1"},
				"south": {"uv": [16, 1, 15.5, 16], "texture": "#1"},
				"west": {"uv": [14.5, 1, 14, 16], "texture": "#1"},
				"up": {"uv": [14.5, 1, 15, 0], "texture": "#1"},
				"down": {"uv": [15, 0, 15.5, 1], "texture": "#1"}
			}
		}
	],
	"display": {
		"head": {
			"translation": [0, 76, 0],
			"scale": [1.75, 1.75, 1.75]
		}
	},
	"groups": [
		{
			"name": "head",
			"origin": [0, 24, 0],
			"children": [0, 1]
		},
		{
			"name": "body",
			"origin": [0, 38, 0],
			"children": [2]
		},
		{
			"name": "rightArm",
			"origin": [3, 36, 0],
			"children": [3]
		},
		{
			"name": "leftArm",
			"origin": [-5, 36, 0],
			"shade": false,
			"children": [4]
		},
		{
			"name": "rightLeg",
			"origin": [2, 26, 0],
			"children": [5]
		},
		{
			"name": "leftLeg",
			"origin": [-2, 26, 0],
			"shade": false,
			"children": [6]
		}
	]
}