{
	"credit": "Made with Blockbench",
	"textures": {
		"0": "statues/guardian",
		"particle": "statues/guardian"
	},
	"elements": [
		{
			"from": [0, 5, -8],
			"to": [12, 17, -6],
			"rotation": {"angle": 0, "axis": "y", "origin": [-2, 4, 0]},
			"faces": {
				"north": {"uv": [4, 4, 7, 7], "texture": "#0"},
				"east": {"uv": [3.5, 4, 4, 7], "texture": "#0"},
				"west": {"uv": [7, 4, 7.5, 7], "texture": "#0"},
				"up": {"uv": [4, 3.5, 7, 4], "rotation": 180, "texture": "#0"},
				"down": {"uv": [7, 3.5, 10, 4], "texture": "#0"}
			}
		},
		{
			"from": [0, 5, 6],
			"to": [12, 17, 8],
			"rotation": {"angle": 0, "axis": "y", "origin": [-2, 4, 0]},
			"faces": {
				"north": {"uv": [0, 0, 12, 12], "texture": "#missing"},
				"east": {"uv": [7, 4, 7.5, 7], "texture": "#0"},
				"south": {"uv": [11, 4, 14, 7], "texture": "#0"},
				"west": {"uv": [3.5, 4, 4, 7], "texture": "#0"},
				"up": {"uv": [7, 0, 10, 0.5], "rotation": 180, "texture": "#0"},
				"down": {"uv": [4, 3.5, 7, 4], "texture": "#0"}
			}
		},
		{
			"from": [-2, 5, -6],
			"to": [0, 17, 6],
			"rotation": {"angle": 0, "axis": "y", "origin": [-2, 4, 0]},
			"faces": {
				"north": {"uv": [3.5, 4, 4, 7], "texture": "#0"},
				"east": {"uv": [0, 0, 12, 12], "texture": "#missing"},
				"south": {"uv": [7, 4, 7.5, 7], "texture": "#0"},
				"west": {"uv": [7, 10, 10, 13], "texture": "#0"},
				"up": {"uv": [3.5, 4, 4, 7], "rotation": 180, "texture": "#0"},
				"down": {"uv": [3, 7, 3.5, 10], "texture": "#0"}
			}
		},
		{
			"from": [12, 5, -6],
			"to": [14, 17, 6],
			"rotation": {"angle": 0, "axis": "y", "origin": [-2, 4, 0]},
			"faces": {
				"north": {"uv": [7, 4, 7.5, 7], "texture": "#0"},
				"east": {"uv": [0, 10, 3, 13], "texture": "#0"},
				"south": {"uv": [3.5, 4, 4, 7], "texture": "#0"},
				"west": {"uv": [0, 0, 12, 12], "texture": "#missing"},
				"up": {"uv": [7, 4, 7.5, 7], "rotation": 180, "texture": "#0"},
				"down": {"uv": [3.5, 7, 4, 10], "texture": "#0"}
			}
		},
		{
			"from": [0, 3, -6],
			"to": [12, 5, 6],
			"rotation": {"angle": 0, "axis": "y", "origin": [-2, 4, 0]},
			"faces": {
				"north": {"uv": [7, 13, 10, 13.5], "texture": "#0"},
				"east": {"uv": [7, 13, 10, 13.5], "texture": "#0"},
				"south": {"uv": [7, 13, 10, 13.5], "texture": "#0"},
				"west": {"uv": [7, 13, 10, 13.5], "texture": "#0"},
				"up": {"uv": [0, 0, 12, 12], "texture": "#missing"},
				"down": {"uv": [10, 10, 13, 13], "texture": "#0"}
			}
		},
		{
			"from": [0, 17, -6],
			"to": [12, 19, 6],
			"rotation": {"angle": 0, "axis": "y", "origin": [-2, 4, 0]},
			"faces": {
				"north": {"uv": [7, 13, 10, 13.5], "texture": "#0"},
				"east": {"uv": [7, 13, 10, 13.5], "texture": "#0"},
				"south": {"uv": [7, 13, 10, 13.5], "texture": "#0"},
				"west": {"uv": [7, 13, 10, 13.5], "texture": "#0"},
				"up": {"uv": [11, 4, 14, 7], "texture": "#0"},
				"down": {"uv": [0, 0, 12, 12], "texture": "#missing"}
			}
		},
		{
			"name": "spike",
			"from": [-2.5, 22, -1],
			"to": [-0.5, 31, 1],
			"rotation": {"angle": -45, "axis": "z", "origin": [-2, 4, 0]},
			"faces": {
				"north": {"uv": [0, 0.5, 0.5, 2.75], "texture": "#0"},
				"east": {"uv": [0, 0.5, 0.5, 2.75], "texture": "#0"},
				"south": {"uv": [0, 0.5, 0.5, 2.75], "texture": "#0"},
				"west": {"uv": [0, 0.5, 0.5, 2.75], "texture": "#0"},
				"up": {"uv": [1, 0, 1.5, 0.5], "texture": "#0"},
				"down": {"uv": [1, 0, 1.5, 0.5], "texture": "#0"}
			}
		},
		{
			"name": "spike",
			"from": [7.5, 10, -1],
			"to": [9.5, 19, 1],
			"rotation": {"angle": 45, "axis": "z", "origin": [-2, 4, 0]},
			"faces": {
				"north": {"uv": [0, 0.5, 0.5, 2.75], "texture": "#0"},
				"east": {"uv": [0, 0.5, 0.5, 2.75], "texture": "#0"},
				"south": {"uv": [0, 0.5, 0.5, 2.75], "texture": "#0"},
				"west": {"uv": [0, 0.5, 0.5, 2.75], "texture": "#0"},
				"up": {"uv": [1, 0, 1.5, 0.5], "texture": "#0"},
				"down": {"uv": [1, 0, 1.5, 0.5], "texture": "#0"}
			}
		},
		{
			"name": "spike",
			"from": [5, 16, 4],
			"to": [7, 25, 6],
			"rotation": {"angle": -45, "axis": "x", "origin": [-2, 4, 0]},
			"faces": {
				"north": {"uv": [0, 0.5, 0.5, 2.75], "texture": "#0"},
				"east": {"uv": [0, 0.5, 0.5, 2.75], "texture": "#0"},
				"south": {"uv": [0, 0.5, 0.5, 2.75], "texture": "#0"},
				"west": {"uv": [0, 0.5, 0.5, 2.75], "texture": "#0"},
				"up": {"uv": [1, 0, 1.5, 0.5], "texture": "#0"},
				"down": {"uv": [1, 0, 1.5, 0.5], "texture": "#0"}
			}
		},
		{
			"name": "spike",
			"from": [5, 16, -6],
			"to": [7, 25, -4],
			"rotation": {"angle": 45, "axis": "x", "origin": [-2, 4, 0]},
			"faces": {
				"north": {"uv": [0, 0.5, 0.5, 2.75], "texture": "#0"},
				"east": {"uv": [0, 0.5, 0.5, 2.75], "texture": "#0"},
				"south": {"uv": [0, 0.5, 0.5, 2.75], "texture": "#0"},
				"west": {"uv": [0, 0.5, 0.5, 2.75], "texture": "#0"},
				"up": {"uv": [1, 0, 1.5, 0.5], "texture": "#0"},
				"down": {"uv": [1, 0, 1.5, 0.5], "texture": "#0"}
			}
		},
		{
			"name": "tail",
			"from": [4, 9, 7],
			"to": [8, 13, 15],
			"rotation": {"angle": 0, "axis": "y", "origin": [-2, 4, 0]},
			"faces": {
				"east": {"uv": [13, 2, 15, 3], "texture": "#0"},
				"south": {"uv": [12, 2, 13, 3], "texture": "#0"},
				"west": {"uv": [10, 2, 12, 3], "texture": "#0"},
				"up": {"uv": [12, 0, 13, 2], "texture": "#0"},
				"down": {"uv": [13, 0, 14, 2], "texture": "#0"}
			}
		},
		{
			"name": "tail",
			"from": [4.5, 9.5, 15],
			"to": [7.5, 12.5, 21],
			"rotation": {"angle": 0, "axis": "y", "origin": [-2, 4, 0]},
			"faces": {
				"east": {"uv": [3.25, 15.25, 5, 16], "texture": "#0"},
				"south": {"uv": [1.75, 15.25, 2.5, 16], "texture": "#0"},
				"west": {"uv": [0, 15.25, 1.75, 16], "texture": "#0"},
				"up": {"uv": [2.5, 13.5, 3.25, 15.25], "texture": "#0"},
				"down": {"uv": [1.75, 13.5, 2.5, 15.25], "texture": "#0"}
			}
		},
		{
			"name": "tail",
			"from": [5, 10, 21],
			"to": [7, 12, 26],
			"rotation": {"angle": 0, "axis": "y", "origin": [-2, 4, 0]},
			"faces": {
				"east": {"uv": [6, 13, 7.25, 13.5], "texture": "#0"},
				"south": {"uv": [2, 11, 2.5, 11.5], "texture": "#0"},
				"west": {"uv": [4, 13, 5, 13.5], "texture": "#0"},
				"up": {"uv": [2, 14, 2.5, 15.25], "texture": "#0"},
				"down": {"uv": [2, 14, 2.5, 15.25], "texture": "#0"}
			}
		},
		{
			"name": "tail",
			"from": [6, 7, 23],
			"to": [6, 15, 32],
			"rotation": {"angle": 0, "axis": "y", "origin": [-2, 4, 0]},
			"faces": {
				"east": {"uv": [6.25, 7, 8.5, 9.25], "texture": "#0"},
				"west": {"uv": [6.25, 7, 8.5, 9.26], "rotation": 180, "texture": "#0"}
			}
		},
		{
			"name": "eye",
			"from": [5, 9, -8.5],
			"to": [7, 11, -7.5],
			"rotation": {"angle": 0, "axis": "y", "origin": [-2, 4, 0]},
			"faces": {
				"north": {"uv": [2.5, 0, 3, 0.5], "texture": "#0"},
				"east": {"uv": [2.5, 0, 3, 0.5], "texture": "#0"},
				"west": {"uv": [2.5, 0, 3, 0.5], "texture": "#0"},
				"up": {"uv": [2.5, 0, 3, 0.5], "texture": "#0"},
				"down": {"uv": [2.5, 0, 3, 0.5], "texture": "#0"}
			}
		},
		{
			"name": "spike",
			"from": [2.5, 10, 12],
			"to": [4.5, 12, 21],
			"rotation": {"angle": 45, "axis": "y", "origin": [-2, 4, 0]},
			"faces": {
				"north": {"uv": [0, 1, 0.25, 1.25], "texture": "#0"},
				"east": {"uv": [0, 1, 2, 1.5], "texture": "#0"},
				"south": {"uv": [0, 1, 0.25, 1.25], "texture": "#0"},
				"west": {"uv": [0, 1, 2, 1.5], "texture": "#0"},
				"up": {"uv": [0, 0.5, 0.5, 2.75], "texture": "#0"},
				"down": {"uv": [0, 0.5, 0.5, 2.75], "texture": "#0"}
			}
		},
		{
			"name": "spike",
			"from": [2.5, 10, -11],
			"to": [4.5, 12, -2],
			"rotation": {"angle": 45, "axis": "y", "origin": [-2, 4, 0]},
			"faces": {
				"north": {"uv": [0, 1, 0.25, 1.25], "texture": "#0"},
				"east": {"uv": [0, 1, 2, 1.5], "texture": "#0"},
				"south": {"uv": [0, 1, 0.25, 1.25], "texture": "#0"},
				"west": {"uv": [0, 1, 2, 1.5], "texture": "#0"},
				"up": {"uv": [0, 0.5, 0.5, 2.75], "texture": "#0"},
				"down": {"uv": [0, 0.5, 0.5, 2.75], "texture": "#0"}
			}
		},
		{
			"name": "spike",
			"from": [11.5, 10, 4.5],
			"to": [20.5, 12, 6.5],
			"rotation": {"angle": 45, "axis": "y", "origin": [-2, 4, 0]},
			"faces": {
				"north": {"uv": [0, 1, 2, 1.5], "texture": "#0"},
				"east": {"uv": [1, 0, 1.5, 0.5], "texture": "#0"},
				"south": {"uv": [0, 1, 2, 1.5], "texture": "#0"},
				"up": {"uv": [0, 1, 2, 1.5], "texture": "#0"},
				"down": {"uv": [0, 1, 2, 1.5], "texture": "#0"}
			}
		},
		{
			"name": "spike",
			"from": [2.5, 10, 1],
			"to": [4.5, 12, 10],
			"rotation": {"angle": -45, "axis": "y", "origin": [-2, 4, 0]},
			"faces": {
				"north": {"uv": [0, 1, 0.25, 1.25], "texture": "#0"},
				"east": {"uv": [0, 1, 2, 1.5], "texture": "#0"},
				"south": {"uv": [0, 1, 0.25, 1.25], "texture": "#0"},
				"west": {"uv": [0, 1, 2, 1.5], "texture": "#0"},
				"up": {"uv": [0, 0.5, 0.5, 2.75], "texture": "#0"},
				"down": {"uv": [0, 0.5, 0.5, 2.75], "texture": "#0"}
			}
		}
	],
	"display": {
		"head": {
			"translation": [3.5, 25, 14],
			"scale": [1.75, 1.75, 1.75]
		}
	}
}