{
	"credit": "Made with Blockbench",
	"texture_size": [64, 64],
	"textures": {
		"1": "item/villager",
		"2": "item/nitwit",
		"3": "item/plains"
	},
	"elements": [
		{
			"name": "head",
			"from": [4, 22, 4],
			"to": [12, 32, 12],
			"rotation": {"angle": 0, "axis": "y", "origin": [8, 0, 8]},
			"faces": {
				"north": {"uv": [2, 2, 4, 4.5], "texture": "#1"},
				"east": {"uv": [0, 2, 2, 4.5], "texture": "#1"},
				"south": {"uv": [6, 2, 8, 4.5], "texture": "#1"},
				"west": {"uv": [4, 2, 6, 4.5], "texture": "#1"},
				"up": {"uv": [4, 2, 2, 0], "texture": "#1"},
				"down": {"uv": [6, 0, 4, 2], "texture": "#1"}
			}
		},
		{
			"name": "nose",
			"from": [7, 21, 2],
			"to": [9, 25, 4],
			"rotation": {"angle": 0, "axis": "y", "origin": [8, -2, 8]},
			"faces": {
				"north": {"uv": [6.5, 0.5, 7, 1.5], "texture": "#1"},
				"east": {"uv": [6, 0.5, 6.5, 1.5], "texture": "#1"},
				"south": {"uv": [7.5, 0.5, 8, 1.5], "texture": "#1"},
				"west": {"uv": [7, 0.5, 7.5, 1.5], "texture": "#1"},
				"up": {"uv": [7, 0.5, 6.5, 0], "texture": "#1"},
				"down": {"uv": [7.5, 0, 7, 0.5], "texture": "#1"}
			}
		},
		{
			"name": "body",
			"from": [4, 10, 5],
			"to": [12, 22, 11],
			"rotation": {"angle": 0, "axis": "y", "origin": [8, -2, 8]},
			"faces": {
				"north": {"uv": [5.25, 11, 7.25, 14], "texture": "#3"},
				"east": {"uv": [3.75, 11, 5.25, 14], "texture": "#3"},
				"south": {"uv": [8.75, 11, 10.75, 14], "texture": "#3"},
				"west": {"uv": [7.25, 11, 8.75, 14], "texture": "#3"},
				"up": {"uv": [7.25, 11, 5.25, 9.5], "texture": "#3"},
				"down": {"uv": [9.25, 9.5, 7.25, 11], "texture": "#3"}
			}
		},
		{
			"name": "body",
			"from": [3.5, 3.5, 4.5],
			"to": [12.5, 22.5, 11.5],
			"rotation": {"angle": 0, "axis": "y", "origin": [8, -2, 8]},
			"faces": {
				"north": {"uv": [1.5, 11, 3.5, 15.5], "texture": "#2"},
				"east": {"uv": [0, 11, 1.5, 15.5], "texture": "#2"},
				"south": {"uv": [5, 11, 7, 15.5], "texture": "#2"},
				"west": {"uv": [3.5, 11, 5, 15.5], "texture": "#2"},
				"up": {"uv": [3.5, 11, 1.5, 9.5], "texture": "#2"},
				"down": {"uv": [5.5, 9.5, 3.5, 11], "texture": "#2"}
			}
		},
		{
			"name": "arms",
			"from": [4, 2.33333, -2.667],
			"to": [12, 6.33333, 1.333],
			"rotation": {"angle": 45, "axis": "x", "origin": [12, 4, 17]},
			"faces": {
				"north": {"uv": [11, 10.5, 13, 11.5], "texture": "#2"},
				"east": {"uv": [10, 10.5, 11, 11.5], "texture": "#2"},
				"south": {"uv": [14, 10.5, 16, 11.5], "texture": "#2"},
				"west": {"uv": [13, 10.5, 14, 11.5], "texture": "#2"},
				"up": {"uv": [13, 10.5, 11, 9.5], "texture": "#2"},
				"down": {"uv": [15, 9.5, 13, 10.5], "texture": "#2"}
			}
		},
		{
			"name": "arms",
			"from": [12, 20, -10],
			"to": [16, 28, -6],
			"rotation": {"angle": 45, "axis": "x", "origin": [8, 4, -8]},
			"faces": {
				"north": {"uv": [12, 6.5, 13, 8.5], "texture": "#2"},
				"east": {"uv": [11, 6.5, 12, 8.5], "texture": "#2"},
				"south": {"uv": [14, 6.5, 15, 8.5], "texture": "#2"},
				"west": {"uv": [13, 6.5, 14, 8.5], "texture": "#2"},
				"up": {"uv": [13, 6.5, 12, 5.5], "texture": "#2"},
				"down": {"uv": [14, 5.5, 13, 6.5], "texture": "#2"}
			}
		},
		{
			"name": "arms",
			"from": [0, 20, -10],
			"to": [4, 28, -6],
			"rotation": {"angle": 45, "axis": "x", "origin": [8, 4, -8]},
			"faces": {
				"north": {"uv": [12, 6.5, 13, 8.5], "texture": "#2"},
				"east": {"uv": [11, 6.5, 12, 8.5], "texture": "#2"},
				"south": {"uv": [14, 6.5, 15, 8.5], "texture": "#2"},
				"west": {"uv": [13, 6.5, 14, 8.5], "texture": "#2"},
				"up": {"uv": [13, 6.5, 12, 5.5], "texture": "#2"},
				"down": {"uv": [14, 5.5, 13, 6.5], "texture": "#2"}
			}
		},
		{
			"name": "leg0",
			"from": [8, -2, 6],
			"to": [12, 10, 10],
			"rotation": {"angle": 0, "axis": "y", "origin": [8, -2, 8]},
			"faces": {
				"north": {"uv": [1, 6.5, 2, 9.5], "texture": "#3"},
				"east": {"uv": [0, 6.5, 1, 9.5], "texture": "#3"},
				"south": {"uv": [3, 6.5, 4, 9.5], "texture": "#3"},
				"west": {"uv": [2, 6.5, 3, 9.5], "texture": "#3"},
				"up": {"uv": [2, 6.5, 1, 5.5], "texture": "#3"},
				"down": {"uv": [3, 5.5, 2, 6.5], "texture": "#3"}
			}
		},
		{
			"name": "leg1",
			"from": [4, -2, 6],
			"to": [8, 10, 10],
			"rotation": {"angle": 0, "axis": "y", "origin": [8, -2, 8]},
			"faces": {
				"north": {"uv": [1, 6.5, 2, 9.5], "texture": "#3"},
				"east": {"uv": [0, 6.5, 1, 9.5], "texture": "#3"},
				"south": {"uv": [3, 6.5, 4, 9.5], "texture": "#3"},
				"west": {"uv": [2, 6.5, 3, 9.5], "texture": "#3"},
				"up": {"uv": [2, 6.5, 1, 5.5], "texture": "#3"},
				"down": {"uv": [3, 5.5, 2, 6.5], "texture": "#3"}
			}
		}
	],
	"display": {
		"head": {
			"translation": [0, 49, 0],
			"scale": [1.75, 1.75, 1.75]
		}
	},
	"groups": [
		{
			"name": "head",
			"origin": [0, 24, 0],
			"children": [0,
				{
					"name": "nose",
					"origin": [0, 26, 0],
					"children": [1]
				}
			]
		},
		{
			"name": "body",
			"origin": [0, 0, 0],
			"children": [2, 3]
		},
		{
			"name": "arms",
			"origin": [0, 22, 0],
			"children": [4, 5, 6]
		},
		{
			"name": "leg0",
			"origin": [2, 12, 0],
			"children": [7]
		},
		{
			"name": "leg1",
			"origin": [-2, 12, 0],
			"children": [8]
		}
	]
}