{
	"credit": "Made with Blockbench",
	"texture_size": [128, 64],
	"textures": {
		"1": "statues/piglin"
	},
	"elements": [
		{
			"name": "Head",
			"from": [3, 12, 5],
			"to": [13, 20, 13],
			"rotation": {"angle": 0, "axis": "y", "origin": [8, 0, 10]},
			"faces": {
				"north": {"uv": [1, 2, 2.25, 4], "texture": "#1"},
				"east": {"uv": [0, 2, 1, 4], "texture": "#1"},
				"south": {"uv": [3.25, 2, 4.5, 4], "texture": "#1"},
				"west": {"uv": [2.25, 2, 3.25, 4], "texture": "#1"},
				"up": {"uv": [2.25, 2, 1, 0], "texture": "#1"},
				"down": {"uv": [3.5, 0, 2.25, 2], "texture": "#1"}
			}
		},
		{
			"name": "Head",
			"from": [6, 12.01645, 4.37197],
			"to": [10, 16.01645, 5.37197],
			"rotation": {"angle": 0, "axis": "y", "origin": [8, 0, 10]},
			"faces": {
				"north": {"uv": [4, 0.5, 4.5, 1.5], "texture": "#1"},
				"east": {"uv": [3.875, 0.5, 4, 1.5], "texture": "#1"},
				"south": {"uv": [4.625, 0.5, 5.125, 1.5], "texture": "#1"},
				"west": {"uv": [4.5, 0.5, 4.625, 1.5], "texture": "#1"},
				"up": {"uv": [4.5, 0.5, 4, 0.25], "texture": "#1"},
				"down": {"uv": [5, 0.25, 4.5, 0.5], "texture": "#1"}
			}
		},
		{
			"name": "Head",
			"from": [10, 12.01645, 4.37197],
			"to": [11, 14.01645, 5.37197],
			"rotation": {"angle": 0, "axis": "y", "origin": [8, 0, 10]},
			"faces": {
				"north": {"uv": [0.375, 0.25, 0.5, 0.75], "texture": "#1"},
				"east": {"uv": [0.25, 0.25, 0.375, 0.75], "texture": "#1"},
				"south": {"uv": [0.625, 0.25, 0.75, 0.75], "texture": "#1"},
				"west": {"uv": [0.5, 0.25, 0.625, 0.75], "texture": "#1"},
				"up": {"uv": [0.5, 0.25, 0.375, 0], "texture": "#1"},
				"down": {"uv": [0.625, 0, 0.5, 0.25], "texture": "#1"}
			}
		},
		{
			"name": "Head",
			"from": [5, 12.01645, 4.37197],
			"to": [6, 14.01645, 5.37197],
			"rotation": {"angle": 0, "axis": "y", "origin": [8, 0, 10]},
			"faces": {
				"north": {"uv": [0.375, 1.25, 0.5, 1.75], "texture": "#1"},
				"east": {"uv": [0.25, 1.25, 0.375, 1.75], "texture": "#1"},
				"south": {"uv": [0.625, 1.25, 0.75, 1.75], "texture": "#1"},
				"west": {"uv": [0.5, 1.25, 0.625, 1.75], "texture": "#1"},
				"up": {"uv": [0.5, 1.25, 0.375, 1], "texture": "#1"},
				"down": {"uv": [0.625, 1, 0.5, 1.25], "texture": "#1"}
			}
		},
		{
			"name": "Head",
			"from": [19.5, 14, 7],
			"to": [20.5, 19, 11],
			"rotation": {"angle": 22.5, "axis": "z", "origin": [20, 0, 10]},
			"faces": {
				"north": {"uv": [6.875, 2.5, 7, 3.75], "texture": "#1"},
				"east": {"uv": [6.375, 2.5, 6.875, 3.75], "texture": "#1"},
				"south": {"uv": [7.5, 2.5, 7.625, 3.75], "texture": "#1"},
				"west": {"uv": [7, 2.5, 7.5, 3.75], "texture": "#1"},
				"up": {"uv": [7, 2.5, 6.875, 1.5], "texture": "#1"},
				"down": {"uv": [7.125, 1.5, 7, 2.5], "texture": "#1"}
			}
		},
		{
			"name": "Head",
			"from": [-4.5, 14, 7],
			"to": [-3.5, 19, 11],
			"rotation": {"angle": -22.5, "axis": "z", "origin": [-4, 0, 10]},
			"faces": {
				"north": {"uv": [6.875, 2.5, 7, 3.75], "texture": "#1"},
				"east": {"uv": [6.375, 2.5, 6.875, 3.75], "texture": "#1"},
				"south": {"uv": [7.5, 2.5, 7.625, 3.75], "texture": "#1"},
				"west": {"uv": [7, 2.5, 7.5, 3.75], "texture": "#1"},
				"up": {"uv": [7, 2.5, 6.875, 1.5], "texture": "#1"},
				"down": {"uv": [7.125, 1.5, 7, 2.5], "texture": "#1"}
			}
		},
		{
			"name": "Body",
			"from": [4, 0, 7],
			"to": [12, 12, 11],
			"rotation": {"angle": 0, "axis": "y", "origin": [8, -12, 9]},
			"faces": {
				"north": {"uv": [2.5, 5, 3.5, 8], "texture": "#1"},
				"east": {"uv": [2, 5, 2.5, 8], "texture": "#1"},
				"south": {"uv": [4, 5, 5, 8], "texture": "#1"},
				"west": {"uv": [3.5, 5, 4, 8], "texture": "#1"},
				"up": {"uv": [3.5, 5, 2.5, 4], "texture": "#1"},
				"down": {"uv": [4.5, 4, 3.5, 5], "texture": "#1"}
			}
		},
		{
			"name": "Right Arm",
			"from": [12, 0, 7],
			"to": [16, 12, 11],
			"rotation": {"angle": 0, "axis": "y", "origin": [8, -1, 7]},
			"faces": {
				"north": {"uv": [5.5, 5, 6, 8], "texture": "#1"},
				"east": {"uv": [5, 5, 5.5, 8], "texture": "#1"},
				"south": {"uv": [6.5, 5, 7, 8], "texture": "#1"},
				"west": {"uv": [6, 5, 6.5, 8], "texture": "#1"},
				"up": {"uv": [6, 5, 5.5, 4], "texture": "#1"},
				"down": {"uv": [6.5, 4, 6, 5], "texture": "#1"}
			}
		},
		{
			"name": "Left Arm",
			"from": [0, 0, 7],
			"to": [4, 12, 11],
			"rotation": {"angle": 0, "axis": "y", "origin": [8, 0, 12]},
			"faces": {
				"north": {"uv": [4.5, 13, 5, 16], "texture": "#1"},
				"east": {"uv": [4, 13, 4.5, 16], "texture": "#1"},
				"south": {"uv": [5.5, 13, 6, 16], "texture": "#1"},
				"west": {"uv": [5, 13, 5.5, 16], "texture": "#1"},
				"up": {"uv": [5, 13, 4.5, 12], "texture": "#1"},
				"down": {"uv": [5.5, 12, 5, 13], "texture": "#1"}
			}
		},
		{
			"name": "Right Leg",
			"from": [8, -11.77235, 7],
			"to": [12, 0.22765, 11],
			"rotation": {"angle": 0, "axis": "y", "origin": [12, 0, 11]},
			"faces": {
				"north": {"uv": [0.5, 5, 1, 8], "texture": "#1"},
				"east": {"uv": [0, 5, 0.5, 8], "texture": "#1"},
				"south": {"uv": [1.5, 5, 2, 8], "texture": "#1"},
				"west": {"uv": [1, 5, 1.5, 8], "texture": "#1"},
				"up": {"uv": [1, 5, 0.5, 4], "texture": "#1"},
				"down": {"uv": [1.5, 4, 1, 5], "texture": "#1"}
			}
		},
		{
			"name": "Left Leg",
			"from": [4, -11.81049, 7],
			"to": [8, 0.18951, 11],
			"rotation": {"angle": 0, "axis": "y", "origin": [6.1, 6, 7]},
			"faces": {
				"north": {"uv": [2.5, 13, 3, 16], "texture": "#1"},
				"east": {"uv": [2, 13, 2.5, 16], "texture": "#1"},
				"south": {"uv": [3.5, 13, 4, 16], "texture": "#1"},
				"west": {"uv": [3, 13, 3.5, 16], "texture": "#1"},
				"up": {"uv": [3, 13, 2.5, 12], "texture": "#1"},
				"down": {"uv": [3.5, 12, 3, 13], "texture": "#1"}
			}
		}
	],
	"display": {
		"head": {
			"translation": [0, 68.0, 0],
			"scale": [1.75, 1.75, 1.75]
		}
	},
	"groups": [
		{
			"name": "Head",
			"origin": [0, 24, 0],
			"children": [0, 1, 2, 3,
				{
					"name": "LeftEar",
					"origin": [-4.5, 30, 0],
					"children": [4]
				},
				{
					"name": "RightEar",
					"origin": [4.5, 30, 0],
					"children": [5]
				}
			]
		},
		{
			"name": "Body",
			"origin": [0, 24, 0],
			"children": [6]
		},
		{
			"name": "RightArm",
			"origin": [5, 22, 0],
			"children": [7]
		},
		{
			"name": "LeftArm",
			"origin": [-5, 22, 0],
			"children": [8]
		},
		{
			"name": "RightLeg",
			"origin": [1.9, 12, 0],
			"children": [9]
		},
		{
			"name": "LeftLeg",
			"origin": [-1.9, 12, 0],
			"children": [10]
		}
	]
}