{
	"credit": "Made with Blockbench",
	"texture_size": [64, 32],
	"textures": {
		"0": "statues/skeleton"
	},
	"elements": [
		{
			"name": "body",
			"from": [4, 12, 6],
			"to": [12, 24, 10],
			"rotation": {"angle": 0, "axis": "y", "origin": [8, 0, 8]},
			"faces": {
				"north": {"uv": [5, 10, 7, 16], "texture": "#0"},
				"east": {"uv": [4, 10, 5, 16], "texture": "#0"},
				"south": {"uv": [8, 10, 10, 16], "texture": "#0"},
				"west": {"uv": [7, 10, 8, 16], "texture": "#0"},
				"up": {"uv": [7, 10, 5, 8], "texture": "#0"},
				"down": {"uv": [9, 8, 7, 10], "texture": "#0"}
			}
		},
		{
			"name": "head",
			"from": [4, 24, 4],
			"to": [12, 32, 12],
			"rotation": {"angle": 0, "axis": "y", "origin": [8, 0, 8]},
			"faces": {
				"north": {"uv": [2, 4, 4, 8], "texture": "#0"},
				"east": {"uv": [0, 4, 2, 8], "texture": "#0"},
				"south": {"uv": [6, 4, 8, 8], "texture": "#0"},
				"west": {"uv": [4, 4, 6, 8], "texture": "#0"},
				"up": {"uv": [4, 4, 2, 0], "texture": "#0"},
				"down": {"uv": [6, 0, 4, 4], "texture": "#0"}
			}
		},
		{
			"name": "head",
			"from": [4, 32, 4],
			"to": [12, 32, 12],
			"rotation": {"angle": 0, "axis": "y", "origin": [8, 0, 8]},
			"faces": {
				"down": {"uv": [4, 0, 2, 4], "texture": "#0"}
			}
		},
		{
			"name": "front of head",
			"from": [4, 24, 4],
			"to": [12, 32, 4],
			"rotation": {"angle": 0, "axis": "y", "origin": [8, 0, 8]},
			"faces": {
				"south": {"uv": [2, 4, 4, 8], "texture": "#0"}
			}
		},
		{
			"name": "right side of head",
			"from": [12, 24, 4],
			"to": [12, 32, 12],
			"rotation": {"angle": 0, "axis": "y", "origin": [8, 0, 8]},
			"faces": {
				"west": {"uv": [0, 4, 2, 8], "texture": "#0"}
			}
		},
		{
			"name": "left side of head",
			"from": [4, 24, 4],
			"to": [4, 32, 12],
			"rotation": {"angle": 0, "axis": "y", "origin": [8, 0, 8]},
			"faces": {
				"east": {"uv": [4, 4, 6, 8], "texture": "#0"}
			}
		},
		{
			"name": "back of head",
			"from": [4, 24, 12],
			"to": [12, 32, 12],
			"rotation": {"angle": 0, "axis": "y", "origin": [8, 0, 8]},
			"faces": {
				"north": {"uv": [6, 4, 8, 8], "texture": "#0"}
			}
		},
		{
			"name": "hat",
			"from": [3.5, 23, 3.5],
			"to": [12.5, 32, 12.5],
			"rotation": {"angle": 0, "axis": "y", "origin": [8, 0, 8]},
			"faces": {
				"north": {"uv": [10, 4, 12, 8], "texture": "#0"},
				"east": {"uv": [8, 4, 10, 8], "texture": "#0"},
				"south": {"uv": [14, 4, 16, 8], "texture": "#0"},
				"west": {"uv": [12, 4, 14, 8], "texture": "#0"},
				"up": {"uv": [12, 4, 10, 0], "texture": "#0"},
				"down": {"uv": [14, 0, 12, 4], "texture": "#0"}
			}
		},
		{
			"name": "rightArm",
			"from": [12, 12, 7],
			"to": [14, 24, 9],
			"rotation": {"angle": 0, "axis": "y", "origin": [8, 0, 8]},
			"faces": {
				"north": {"uv": [10.5, 9, 11, 15], "texture": "#0"},
				"east": {"uv": [10, 9, 10.5, 15], "texture": "#0"},
				"south": {"uv": [11.5, 9, 12, 15], "texture": "#0"},
				"west": {"uv": [11, 9, 11.5, 15], "texture": "#0"},
				"up": {"uv": [11, 9, 10.5, 8], "texture": "#0"},
				"down": {"uv": [11.5, 8, 11, 9], "texture": "#0"}
			}
		},
		{
			"name": "leftArm",
			"from": [2, 12, 7],
			"to": [4, 24, 9],
			"shade": false,
			"rotation": {"angle": 0, "axis": "y", "origin": [8, 0, 8]},
			"faces": {
				"north": {"uv": [11, 9, 10.5, 15], "texture": "#0"},
				"east": {"uv": [11.5, 9, 11, 15], "texture": "#0"},
				"south": {"uv": [12, 9, 11.5, 15], "texture": "#0"},
				"west": {"uv": [10.5, 9, 10, 15], "texture": "#0"},
				"up": {"uv": [10.5, 9, 11, 8], "texture": "#0"},
				"down": {"uv": [11, 8, 11.5, 9], "texture": "#0"}
			}
		},
		{
			"name": "rightLeg",
			"from": [9, 0, 7],
			"to": [11, 12, 9],
			"rotation": {"angle": 0, "axis": "y", "origin": [8, 0, 8]},
			"faces": {
				"north": {"uv": [0.5, 9, 1, 15], "texture": "#0"},
				"east": {"uv": [0, 9, 0.5, 15], "texture": "#0"},
				"south": {"uv": [1.5, 9, 2, 15], "texture": "#0"},
				"west": {"uv": [1, 9, 1.5, 15], "texture": "#0"},
				"up": {"uv": [1, 9, 0.5, 8], "texture": "#0"},
				"down": {"uv": [1.5, 8, 1, 9], "texture": "#0"}
			}
		},
		{
			"name": "leftLeg",
			"from": [5, 0, 7],
			"to": [7, 12, 9],
			"shade": false,
			"rotation": {"angle": 0, "axis": "y", "origin": [8, 0, 8]},
			"faces": {
				"north": {"uv": [1, 9, 0.5, 15], "texture": "#0"},
				"east": {"uv": [1.5, 9, 1, 15], "texture": "#0"},
				"south": {"uv": [2, 9, 1.5, 15], "texture": "#0"},
				"west": {"uv": [0.5, 9, 0, 15], "texture": "#0"},
				"up": {"uv": [0.5, 9, 1, 8], "texture": "#0"},
				"down": {"uv": [1, 8, 1.5, 9], "texture": "#0"}
			}
		},
		{
			"name": "spine",
			"from": [4, 12, 10],
			"to": [12, 24, 10],
			"rotation": {"angle": 0, "axis": "y", "origin": [19, 20, 18]},
			"faces": {
				"north": {"uv": [8, 10, 10, 16], "texture": "#0"}
			}
		},
		{
			"name": "Left hip",
			"from": [4, 12, 6],
			"to": [4, 14, 10],
			"rotation": {"angle": 0, "axis": "y", "origin": [11, 20, 18]},
			"faces": {
				"east": {"uv": [7, 15, 8, 16], "texture": "#0"}
			}
		},
		{
			"name": "Left hip",
			"from": [12, 12, 6],
			"to": [12, 14, 10],
			"rotation": {"angle": 0, "axis": "y", "origin": [19, 20, 18]},
			"faces": {
				"west": {"uv": [4, 15, 5, 16], "texture": "#0"}
			}
		},
		{
			"name": "Front",
			"from": [4, 12, 6],
			"to": [12, 14, 6],
			"rotation": {"angle": 0, "axis": "y", "origin": [19, 20, 14]},
			"faces": {
				"south": {"uv": [5, 15, 7, 16], "texture": "#0"}
			}
		}
	],
	"display": {
		"head": {
			"translation": [0, 47.5, 0],
			"scale": [1.75, 1.75, 1.75]
		}
	},
	"groups": [
		{
			"name": "waist",
			"origin": [0, 12, 0],
			"children": [
				{
					"name": "body",
					"origin": [0, 24, 0],
					"children": [0,
						{
							"name": "head",
							"origin": [0, 24, 0],
							"children": [1, 2, 3, 4, 5, 6,
								{
									"name": "hat",
									"origin": [0, 24, 0],
									"children": [7]
								}
							]
						},
						{
							"name": "rightArm",
							"origin": [5, 22, 0],
							"children": [8,
								{
									"name": "rightItem",
									"origin": [6, 15, 1],
									"children": []
								}
							]
						},
						{
							"name": "leftArm",
							"origin": [-5, 22, 0],
							"shade": false,
							"children": [9,
								{
									"name": "leftItem",
									"origin": [-6, 15, 1],
									"children": []
								}
							]
						},
						{
							"name": "rightLeg",
							"origin": [2, 12, 0],
							"children": [10]
						},
						{
							"name": "leftLeg",
							"origin": [-2, 12, 0],
							"shade": false,
							"children": [11]
						}, 12, 13, 14, 15]
				}
			]
		}
	]
}