{
	"credit": "Made with Blockbench",
	"texture_size": [64, 32],
	"textures": {
		"0": "statues/spider"
	},
	"elements": [
		{
			"name": "head",
			"from": [4, 5, -3],
			"to": [12, 13, 5],
			"rotation": {"angle": 0, "axis": "y", "origin": [8, 0, 8]},
			"faces": {
				"north": {"uv": [10, 6, 12, 10], "texture": "#0"},
				"east": {"uv": [8, 6, 10, 10], "texture": "#0"},
				"south": {"uv": [14, 6, 16, 10], "texture": "#0"},
				"west": {"uv": [12, 6, 14, 10], "texture": "#0"},
				"up": {"uv": [12, 6, 10, 2], "texture": "#0"},
				"down": {"uv": [14, 2, 12, 6], "texture": "#0"}
			}
		},
		{
			"name": "body0",
			"from": [5, 6, 5],
			"to": [11, 12, 11],
			"rotation": {"angle": 0, "axis": "y", "origin": [8, 0, 8]},
			"faces": {
				"north": {"uv": [1.5, 3, 3, 6], "texture": "#0"},
				"east": {"uv": [0, 3, 1.5, 6], "texture": "#0"},
				"south": {"uv": [4.5, 3, 6, 6], "texture": "#0"},
				"west": {"uv": [3, 3, 4.5, 6], "texture": "#0"},
				"up": {"uv": [3, 3, 1.5, 0], "texture": "#0"},
				"down": {"uv": [4.5, 0, 3, 3], "texture": "#0"}
			}
		},
		{
			"name": "body1",
			"from": [3, 5, 11],
			"to": [13, 13, 23],
			"rotation": {"angle": 0, "axis": "y", "origin": [8, 0, 8]},
			"faces": {
				"north": {"uv": [3, 12, 5.5, 16], "texture": "#0"},
				"east": {"uv": [0, 12, 3, 16], "texture": "#0"},
				"south": {"uv": [8.5, 12, 11, 16], "texture": "#0"},
				"west": {"uv": [5.5, 12, 8.5, 16], "texture": "#0"},
				"up": {"uv": [5.5, 12, 3, 6], "texture": "#0"},
				"down": {"uv": [8, 6, 5.5, 12], "texture": "#0"}
			}
		},
		{
			"name": "leg0",
			"from": [7, 8, 12],
			"to": [23, 10, 14],
			"rotation": {"angle": -22.5, "axis": "z", "origin": [4, 0, 11]},
			"faces": {
				"north": {"uv": [5, 1, 9, 2], "texture": "#0"},
				"east": {"uv": [4.5, 1, 5, 2], "texture": "#0"},
				"south": {"uv": [9.5, 1, 13.5, 2], "texture": "#0"},
				"west": {"uv": [9, 1, 9.5, 2], "texture": "#0"},
				"up": {"uv": [9, 1, 5, 0], "texture": "#0"},
				"down": {"uv": [13, 0, 9, 1], "texture": "#0"}
			}
		},
		{
			"name": "leg1",
			"from": [-5, -1, 12],
			"to": [11, 1, 14],
			"rotation": {"angle": 22.5, "axis": "z", "origin": [-8, -9, 11]},
			"faces": {
				"north": {"uv": [5, 1, 9, 2], "texture": "#0"},
				"east": {"uv": [4.5, 1, 5, 2], "texture": "#0"},
				"south": {"uv": [9.5, 1, 13.5, 2], "texture": "#0"},
				"west": {"uv": [9, 1, 9.5, 2], "texture": "#0"},
				"up": {"uv": [9, 1, 5, 0], "texture": "#0"},
				"down": {"uv": [13, 0, 9, 1], "texture": "#0"}
			}
		},
		{
			"name": "leg2",
			"from": [6, 8, 9],
			"to": [22, 10, 11],
			"rotation": {"angle": -22.5, "axis": "z", "origin": [3, 0, 9]},
			"faces": {
				"north": {"uv": [5, 1, 9, 2], "texture": "#0"},
				"east": {"uv": [4.5, 1, 5, 2], "texture": "#0"},
				"south": {"uv": [9.5, 1, 13.5, 2], "texture": "#0"},
				"west": {"uv": [9, 1, 9.5, 2], "texture": "#0"},
				"up": {"uv": [9, 1, 5, 0], "texture": "#0"},
				"down": {"uv": [13, 0, 9, 1], "texture": "#0"}
			}
		},
		{
			"name": "leg3",
			"from": [-6, -1, 9],
			"to": [10, 1, 11],
			"rotation": {"angle": 22.5, "axis": "z", "origin": [-9, -9, 9]},
			"faces": {
				"north": {"uv": [5, 1, 9, 2], "texture": "#0"},
				"east": {"uv": [4.5, 1, 5, 2], "texture": "#0"},
				"south": {"uv": [9.5, 1, 13.5, 2], "texture": "#0"},
				"west": {"uv": [9, 1, 9.5, 2], "texture": "#0"},
				"up": {"uv": [9, 1, 5, 0], "texture": "#0"},
				"down": {"uv": [13, 0, 9, 1], "texture": "#0"}
			}
		},
		{
			"name": "leg4",
			"from": [6, 8, 6],
			"to": [22, 10, 8],
			"rotation": {"angle": -22.5, "axis": "z", "origin": [3, 0, 7]},
			"faces": {
				"north": {"uv": [5, 1, 9, 2], "texture": "#0"},
				"east": {"uv": [4.5, 1, 5, 2], "texture": "#0"},
				"south": {"uv": [9.5, 1, 13.5, 2], "texture": "#0"},
				"west": {"uv": [9, 1, 9.5, 2], "texture": "#0"},
				"up": {"uv": [9, 1, 5, 0], "texture": "#0"},
				"down": {"uv": [13, 0, 9, 1], "texture": "#0"}
			}
		},
		{
			"name": "leg5",
			"from": [-6, -1, 6],
			"to": [10, 1, 8],
			"rotation": {"angle": 22.5, "axis": "z", "origin": [-9, -9, 7]},
			"faces": {
				"north": {"uv": [5, 1, 9, 2], "texture": "#0"},
				"east": {"uv": [4.5, 1, 5, 2], "texture": "#0"},
				"south": {"uv": [9.5, 1, 13.5, 2], "texture": "#0"},
				"west": {"uv": [9, 1, 9.5, 2], "texture": "#0"},
				"up": {"uv": [9, 1, 5, 0], "texture": "#0"},
				"down": {"uv": [13, 0, 9, 1], "texture": "#0"}
			}
		},
		{
			"name": "leg6",
			"from": [7, 8, 3],
			"to": [23, 10, 5],
			"rotation": {"angle": -22.5, "axis": "z", "origin": [4, 0, 5]},
			"faces": {
				"north": {"uv": [5, 1, 9, 2], "texture": "#0"},
				"east": {"uv": [4.5, 1, 5, 2], "texture": "#0"},
				"south": {"uv": [9.5, 1, 13.5, 2], "texture": "#0"},
				"west": {"uv": [9, 1, 9.5, 2], "texture": "#0"},
				"up": {"uv": [9, 1, 5, 0], "texture": "#0"},
				"down": {"uv": [13, 0, 9, 1], "texture": "#0"}
			}
		},
		{
			"name": "leg7",
			"from": [-5, -1, 3],
			"to": [11, 1, 5],
			"rotation": {"angle": 22.5, "axis": "z", "origin": [-8, -9, 5]},
			"faces": {
				"north": {"uv": [5, 1, 9, 2], "texture": "#0"},
				"east": {"uv": [4.5, 1, 5, 2], "texture": "#0"},
				"south": {"uv": [9.5, 1, 13.5, 2], "texture": "#0"},
				"west": {"uv": [9, 1, 9.5, 2], "texture": "#0"},
				"up": {"uv": [9, 1, 5, 0], "texture": "#0"},
				"down": {"uv": [13, 0, 9, 1], "texture": "#0"}
			}
		}
	],
	"display": {
		"head": {
			"translation": [0, 40, 0],
			"scale": [1.74, 1.74, 1.74]
		}
	},
	"groups": [
		{
			"name": "head",
			"origin": [0, 9, -3],
			"children": [0]
		},
		{
			"name": "body0",
			"origin": [0, 9, 0],
			"children": [1]
		},
		{
			"name": "body1",
			"origin": [0, 9, 9],
			"children": [2]
		},
		{
			"name": "leg0",
			"origin": [4, 9, 2],
			"children": [3, 4]
		},
		{
			"name": "leg1",
			"origin": [-4, 9, 2],
			"children": []
		},
		{
			"name": "leg2",
			"origin": [4, 9, 1],
			"children": [5, 6]
		},
		{
			"name": "leg3",
			"origin": [-4, 9, 1],
			"children": []
		},
		{
			"name": "leg4",
			"origin": [4, 9, 0],
			"children": [7, 8]
		},
		{
			"name": "leg5",
			"origin": [-4, 9, 0],
			"children": []
		},
		{
			"name": "leg6",
			"origin": [4, 9, -1],
			"children": [9, 10]
		},
		{
			"name": "leg7",
			"origin": [-4, 9, -1],
			"children": []
		}
	]
}