{
	"credit": "Made with Blockbench",
	"texture_size": [64, 64],
	"textures": {
		"2": "statues/zombie"
	},
	"elements": [
		{
			"name": "Head",
			"from": [4, 24, 4],
			"to": [12, 32, 12],
			"rotation": {"angle": 0, "axis": "y", "origin": [8, 0, 8]},
			"faces": {
				"north": {"uv": [2, 2, 4, 4], "texture": "#2"},
				"east": {"uv": [0, 2, 2, 4], "texture": "#2"},
				"south": {"uv": [6, 2, 8, 4], "texture": "#2"},
				"west": {"uv": [4, 2, 6, 4], "texture": "#2"},
				"up": {"uv": [4, 2, 2, 0], "texture": "#2"},
				"down": {"uv": [6, 0, 4, 2], "texture": "#2"}
			}
		},
		{
			"name": "Hat Layer",
			"from": [3.5, 23, 3.5],
			"to": [12.5, 32, 12.5],
			"rotation": {"angle": 0, "axis": "y", "origin": [8, 0, 8]},
			"faces": {
				"north": {"uv": [10, 2, 12, 4], "texture": "#2"},
				"east": {"uv": [8, 2, 10, 4], "texture": "#2"},
				"south": {"uv": [14, 2, 16, 4], "texture": "#2"},
				"west": {"uv": [12, 2, 14, 4], "texture": "#2"},
				"up": {"uv": [12, 2, 10, 0], "texture": "#2"},
				"down": {"uv": [14, 0, 12, 2], "texture": "#2"}
			}
		},
		{
			"name": "Body",
			"from": [4, 12, 6],
			"to": [12, 24, 10],
			"rotation": {"angle": 0, "axis": "y", "origin": [8, 0, 8]},
			"faces": {
				"north": {"uv": [5, 5, 7, 8], "texture": "#2"},
				"east": {"uv": [4, 5, 5, 8], "texture": "#2"},
				"south": {"uv": [8, 5, 10, 8], "texture": "#2"},
				"west": {"uv": [7, 5, 8, 8], "texture": "#2"},
				"up": {"uv": [7, 5, 5, 4], "texture": "#2"},
				"down": {"uv": [9, 4, 7, 5], "texture": "#2"}
			}
		},
		{
			"name": "Right Arm",
			"from": [12, 12, 6],
			"to": [16, 24, 10],
			"rotation": {"angle": 0, "axis": "y", "origin": [8, 0, 8]},
			"faces": {
				"north": {"uv": [11, 5, 12, 8], "texture": "#2"},
				"east": {"uv": [10, 5, 11, 8], "texture": "#2"},
				"south": {"uv": [13, 5, 14, 8], "texture": "#2"},
				"west": {"uv": [12, 5, 13, 8], "texture": "#2"},
				"up": {"uv": [12, 5, 11, 4], "texture": "#2"},
				"down": {"uv": [13, 4, 12, 5], "texture": "#2"}
			}
		},
		{
			"name": "Left Arm",
			"from": [0, 12, 6],
			"to": [4, 24, 10],
			"rotation": {"angle": 0, "axis": "y", "origin": [8, 0, 8]},
			"faces": {
				"north": {"uv": [11, 5, 12, 8], "texture": "#2"},
				"east": {"uv": [8, 13, 9, 16], "texture": "#2"},
				"south": {"uv": [11, 13, 12, 16], "texture": "#2"},
				"west": {"uv": [10, 13, 11, 16], "texture": "#2"},
				"up": {"uv": [10, 13, 9, 12], "texture": "#2"},
				"down": {"uv": [11, 12, 10, 13], "texture": "#2"}
			}
		},
		{
			"name": "Right Leg",
			"from": [7.9, 0, 6],
			"to": [11.9, 12, 10],
			"rotation": {"angle": 0, "axis": "y", "origin": [8, 0, 8]},
			"faces": {
				"north": {"uv": [1, 5, 2, 8], "texture": "#2"},
				"east": {"uv": [0, 5, 1, 8], "texture": "#2"},
				"south": {"uv": [3, 5, 4, 8], "texture": "#2"},
				"west": {"uv": [2, 5, 3, 8], "texture": "#2"},
				"up": {"uv": [2, 5, 1, 4], "texture": "#2"},
				"down": {"uv": [3, 4, 2, 5], "texture": "#2"}
			}
		},
		{
			"name": "Left Leg",
			"from": [4.1, 0, 6],
			"to": [8.1, 12, 10],
			"rotation": {"angle": 0, "axis": "y", "origin": [8, 0, 8]},
			"faces": {
				"north": {"uv": [5, 13, 6, 16], "texture": "#2"},
				"east": {"uv": [4, 13, 5, 16], "texture": "#2"},
				"south": {"uv": [7, 13, 8, 16], "texture": "#2"},
				"west": {"uv": [6, 13, 7, 16], "texture": "#2"},
				"up": {"uv": [6, 13, 5, 12], "texture": "#2"},
				"down": {"uv": [7, 12, 6, 13], "texture": "#2"}
			}
		}
	],
	"display": {
		"head": {
			"translation": [0, 47.5, 0],
			"scale": [1.75, 1.75, 1.75]
		}
	},
	"groups": [
		{
			"name": "Head",
			"origin": [0, 24, 0],
			"children": [0, 1]
		},
		{
			"name": "Body",
			"origin": [0, 24, 0],
			"children": [2]
		},
		{
			"name": "RightArm",
			"origin": [5, 22, 0],
			"children": [3]
		},
		{
			"name": "LeftArm",
			"origin": [-5, 22, 0],
			"children": [4]
		},
		{
			"name": "RightLeg",
			"origin": [1.9, 12, 0],
			"children": [5]
		},
		{
			"name": "LeftLeg",
			"origin": [-1.9, 12, 0],
			"children": [6]
		}
	]
}