{
    "providers": [
        {
            "type": "bitmap",
            "file": "minecraft:font/theo.png",
            "ascent": 8,
            "height": 9,
            "chars": [
                "\uEFF0"
            ]
        },
        {
            "type": "bitmap",
            "file": "minecraft:font/zombie.png",
            "ascent": 8,
            "height": 9,
            "chars": [
                "\uEFF1"
            ]
        },
        {
            "type": "bitmap",
            "file": "minecraft:font/skeleton.png",
            "ascent": 8,
            "height": 9,
            "chars": [
                "\uEFF2"
            ]
        },
        {
            "type": "bitmap",
            "file": "minecraft:font/creeper.png",
            "ascent": 8,
            "height": 9,
            "chars": [
                "\uEFF3"
            ]
        },
        {
            "type": "bitmap",
            "file": "minecraft:font/spider.png",
            "ascent": 8,
            "height": 9,
            "chars": [
                "\uEFF4"
            ]
        },
        {
            "type": "bitmap",
            "file": "minecraft:font/chicken.png",
            "ascent": 8,
            "height": 9,
            "chars": [
                "\uEFF5"
            ]
        },
        {
            "type": "bitmap",
            "file": "minecraft:font/enderman.png",
            "ascent": 8,
            "height": 9,
            "chars": [
                "\uEFF6"
            ]
        },
        {
            "type": "bitmap",
            "file": "minecraft:font/incend.png",
            "ascent": 8,
            "height": 9,
            "chars": [
                "\uEFF7"
            ]
        },
        {
            "type": "bitmap",
            "file": "minecraft:font/drakier.png",
            "ascent": 8,
            "height": 10,
            "chars": [
                "\uEFF8"
            ]
        },
        {
            "type": "bitmap",
            "file": "minecraft:font/gracea.png",
            "ascent": 8,
            "height": 9,
            "chars": [
                "\uEFF9"
            ]
        },
        {
            "type": "bitmap",
            "file": "minecraft:font/callidus.png",
            "ascent": 8,
            "height": 9,
            "chars": [
                "\uEFFA"
            ]
        },
        {
            "type": "bitmap",
            "file": "minecraft:font/gene.png",
            "ascent": 8,
            "height": 9,
            "chars": [
                "\uEFFB"
            ]
        },
        {
            "type": "bitmap",
            "file": "minecraft:font/melon_man.png",
            "ascent": 8,
            "height": 12,
            "chars": [
                "\uEFFC"
            ]
        },
        {
            "type": "bitmap",
            "file": "minecraft:font/blaze.png",
            "ascent": 8,
            "height": 9,
            "chars": [
                "\uEFFD"
            ]
        },
        {
            "type": "bitmap",
            "file": "minecraft:font/slime.png",
            "ascent": 8,
            "height": 9,
            "chars": [
                "\uEFFE"
            ]
        },
        {
            "type": "bitmap",
            "file": "minecraft:font/malice.png",
            "ascent": 8,
            "height": 9,
            "chars": [
                "\uEFFF"
            ]
        },
        {
            "type": "bitmap",
            "file": "minecraft:font/arthor.png",
            "ascent": 8,
            "height": 9,
            "chars": [
                "\uF000"
            ]
        },
        {
            "type": "bitmap",
            "file": "minecraft:font/guardian.png",
            "ascent": 8,
            "height": 9,
            "chars": [
                "\uF001"
            ]
        }
    ]
}