{
    "music.anthem_of_the_frogs":{"sounds":["music/anthem_of_the_frogs"]},
    "music.away_from_the_madness":{"sounds":["music/away_from_the_madness"]},
    "music.beyond_the_fear":{"sounds":["music/beyond_the_fear"]},
    "music.blockman":{"sounds":["music/blockman"]},
    "music.buckle_up":{"sounds":["music/buckle_up"]},
    "music.cut_and_run":{"sounds":["music/cut_and_run"]},
    "music.danger_storm":{"sounds":["music/danger_storm"]},
    "music.dark_versus_light":{"sounds":["music/dark_versus_light"]},
    "music.edm_detection_mode":{"sounds":["music/edm_detection_mode"]},
    "music.exit_the_premises":{"sounds":["music/exit_the_premises"]},
    "music.hiding_your_reality":{"sounds":["music/hiding_your_reality"]},
    "music.into_the_abyss":{"sounds":["music/into_the_abyss"]},
    "music.lost_in_the_groove":{"sounds":["music/lost_in_the_groove"]},
    "music.mechanical_dusk":{"sounds":["music/mechanical_dusk"]},
    "music.new_groove":{"sounds":["music/new_groove"]},
    "music.sax_rock_and_roll":{"sounds":["music/sax_rock_and_roll"]},
    "music.son_of_a_rocket":{"sounds":["music/son_of_a_rocket"]},
    "music.special_spotlight":{"sounds":["music/special_spotlight"]},
    "music.the_next_sunset":{"sounds":["music/the_next_sunset"]},
    "music.underwater_lifecycle":{"sounds":["music/underwater_lifecycle"]},
    "music.voices_of_reason":{"sounds":["music/voices_of_reason"]},
    "music.voltaic":{"sounds":["music/voltaic"]},
    "music.waves_in_the_sky":{"sounds":["music/waves_in_the_sky"]},
    "music.werq":{"sounds":["music/werq"]},
    "music.mistake_the_getaway":{"sounds":["music/mistake_the_getaway"]},
    "custom.wee":{"sounds":["custom/wee"]},
    "announcer.blaze":{"sounds":["announcer/blaze"]},
    "announcer.brick":{"sounds":["announcer/brick"]},
    "announcer.callidus":{"sounds":["announcer/callidus"]},
    "announcer.cave_spider":{"sounds":["announcer/cave_spider"]},
    "announcer.celestial_champions":{"sounds":["announcer/celestial_champions"]},
    "announcer.charged_creeper":{"sounds":["announcer/charged_creeper"]},
    "announcer.chicken":{"sounds":["announcer/chicken"]},
    "announcer.chicken_question":{"sounds":["announcer/chicken_question"]},
    "announcer.creeper":{"sounds":["announcer/creeper"]},
    "announcer.drakier":{"sounds":["announcer/drakier"]},
    "announcer.drowned":{"sounds":["announcer/drowned"]},
    "announcer.duck":{"sounds":["announcer/duck"]},
    "announcer.enderman":{"sounds":["announcer/enderman"]},
    "announcer.fight":{"sounds":["announcer/fight"]},
    "announcer.fish_shopkeeper":{"sounds":["announcer/fish_shopkeeper"]},
    "announcer.flower_shopkeeper":{"sounds":["announcer/flower_shopkeeper"]},
    "announcer.garbage_shopkeeper":{"sounds":["announcer/garbage_shopkeeper"]},
    "announcer.gene":{"sounds":["announcer/gene"]},
    "announcer.gracea":{"sounds":["announcer/gracea"]},
    "announcer.husk":{"sounds":["announcer/husk"]},
    "announcer.incend":{"sounds":["announcer/incend"]},
    "announcer.livestock_shopkeeper":{"sounds":["announcer/livestock_shopkeeper"]},
    "announcer.malice":{"sounds":["announcer/malice"]},
    "announcer.melon_man":{"sounds":["announcer/melon_man"]},
    "announcer.nether_shopkeeper":{"sounds":["announcer/nether_shopkeeper"]},
    "announcer.rooster":{"sounds":["announcer/rooster"]},
    "announcer.skeleton":{"sounds":["announcer/skeleton"]},
    "announcer.slime":{"sounds":["announcer/slime"]},
    "announcer.spider":{"sounds":["announcer/spider"]},
    "announcer.stray":{"sounds":["announcer/stray"]},
    "announcer.theo":{"sounds":["announcer/theo"]},
    "announcer.tnt":{"sounds":["announcer/tnt"]},
    "announcer.wither_skeleton":{"sounds":["announcer/wither_skeleton"]},
    "announcer.zombie":{"sounds":["announcer/zombie"]},
    "announcer.zombie_villager":{"sounds":["announcer/zombie_villager"]},
    "announcer.arthor":{"sounds":["announcer/arthor"]},
    "announcer.guardian":{"sounds":["announcer/guardian"]},
    "announcer.elder_guardian":{"sounds":["announcer/elder_guardian"]},
    "announcer.random":{"sounds":["announcer/random"]}
    
    
}