{
	"credit": "Made with Blockbench",
	"textures": {
		"0": "item/blue_dragon_blinking",
		"particle": "item/blue_dragon_blinking"
	},
	"elements": [
		{
			"name": "Base Head",
			"from": [0, 0, 0],
			"to": [16, 16, 16],
			"faces": {
				"north": {"uv": [8, 2.875, 9, 3.875], "texture": "#0"},
				"east": {"uv": [7, 2.875, 8, 3.876], "texture": "#0"},
				"south": {"uv": [10, 2.876, 11, 3.875], "texture": "#0"},
				"west": {"uv": [9, 2.875, 10, 3.875], "texture": "#0"},
				"up": {"uv": [8, 1.875, 8.999, 2.876], "rotation": 180, "texture": "#0"},
				"down": {"uv": [10, 2.875, 11, 3.875], "texture": "#0"}
			}
		},
		{
			"name": "Horn",
			"from": [3, 16, 6],
			"to": [5, 20, 12],
			"rotation": {"angle": 0, "axis": "y", "origin": [11, 24, 14]},
			"faces": {
				"north": {"uv": [0.375, 0.375, 0.501, 0.625], "texture": "#0"},
				"east": {"uv": [3, 0.375, 3.375, 0.626], "texture": "#0"},
				"south": {"uv": [0.875, 0.375, 1, 0.626], "texture": "#0"},
				"west": {"uv": [3.5, 0.375, 3.876, 0.626], "texture": "#0"},
				"up": {"uv": [0.375, 0.251, 0.5, 0.625], "texture": "#0"}
			}
		},
		{
			"name": "Horn",
			"from": [11, 16, 6],
			"to": [13, 20, 12],
			"rotation": {"angle": 0, "axis": "y", "origin": [19, 24, 14]},
			"faces": {
				"north": {"uv": [0.375, 0.375, 0.501, 0.625], "texture": "#0"},
				"east": {"uv": [3, 0.375, 3.375, 0.626], "texture": "#0"},
				"south": {"uv": [0.875, 0.375, 1, 0.626], "texture": "#0"},
				"west": {"uv": [3.5, 0.375, 3.876, 0.626], "texture": "#0"},
				"up": {"uv": [0.375, 0.251, 0.5, 0.625], "texture": "#0"}
			}
		},
		{
			"name": "Jaw",
			"from": [2, -3, -15],
			"to": [14, 1, 1],
			"rotation": {"angle": -22.5, "axis": "x", "origin": [10, 5, -7]},
			"faces": {
				"north": {"uv": [12, 5.063, 12.749, 5.312], "texture": "#0"},
				"east": {"uv": [11.001, 5.063, 12.001, 5.313], "texture": "#0"},
				"south": {"uv": [13.75, 5.063, 14.5, 5.313], "texture": "#0"},
				"west": {"uv": [12.688, 5.063, 13.688, 5.312], "texture": "#0"},
				"up": {"uv": [12, 4.063, 12.751, 5.063], "rotation": 180, "texture": "#0"},
				"down": {"uv": [12.75, 4.063, 13.5, 5.062], "texture": "#0"}
			}
		},
		{
			"name": "Mouth Top",
			"from": [2, 4, -14],
			"to": [14, 9, 2],
			"rotation": {"angle": 0, "axis": "y", "origin": [10, 12, -6]},
			"faces": {
				"north": {"uv": [12, 3.75, 12.75, 4.062], "texture": "#0"},
				"east": {"uv": [11, 3.751, 12.001, 4.063], "texture": "#0"},
				"south": {"uv": [13.751, 3.75, 14.5, 4.062], "texture": "#0"},
				"west": {"uv": [12.688, 3.75, 13.687, 4.062], "texture": "#0"},
				"up": {"uv": [12, 2.75, 12.751, 3.751], "texture": "#0"},
				"down": {"uv": [12.001, 4.063, 12.749, 5.063], "texture": "#0"}
			}
		},
		{
			"name": "Nostril",
			"from": [3, 9, -12],
			"to": [5, 11, -8],
			"rotation": {"angle": 0, "axis": "y", "origin": [11, 17, -4]},
			"faces": {
				"north": {"uv": [7.625, 0.25, 7.751, 0.375], "texture": "#0"},
				"east": {"uv": [7.375, 0.25, 7.625, 0.375], "texture": "#0"},
				"south": {"uv": [7, 0.25, 7.125, 0.376], "texture": "#0"},
				"west": {"uv": [7.375, 0.25, 7.625, 0.375], "texture": "#0"},
				"up": {"uv": [7.25, 0, 7.5, 0.126], "rotation": 90, "texture": "#0"}
			}
		},
		{
			"name": "Nostril",
			"from": [11, 9, -12],
			"to": [13, 11, -8],
			"rotation": {"angle": 0, "axis": "y", "origin": [18, 17, -4]},
			"faces": {
				"north": {"uv": [7.625, 0.25, 7.751, 0.375], "texture": "#0"},
				"east": {"uv": [7.375, 0.25, 7.625, 0.375], "texture": "#0"},
				"south": {"uv": [7, 0.25, 7.125, 0.376], "texture": "#0"},
				"west": {"uv": [7.375, 0.25, 7.625, 0.375], "texture": "#0"},
				"up": {"uv": [7.25, 0, 7.5, 0.126], "rotation": 90, "texture": "#0"}
			}
		}
	],
	"display": {
		"ground": {
			"scale": [0, 0, 0]
		},
		"gui": {
			"rotation": [30, -135, 0],
			"translation": [-2, 1, 0],
			"scale": [0.4, 0.4, 0.4]
		},
		"head": {
			"translation": [0, 1.5, 0]
		}
	}
}