{
    "parent": "builtin/generated",
    "gui_light": "front",
    "display": {
        "ground": {
            "rotation": [ 0, 0, 0 ],
            "translation": [ 0, 2, 0],
            "scale":[ 4.0, 3.0, 0 ]
        },
        "head": {
            "rotation": [ 0, 180, 0 ],
            "translation": [ 0, 13, 7],
            "scale":[ 4.0, 3.0, 0 ]
        },
        "thirdperson_righthand": {
            "rotation": [ 9, -1, -2.5 ],
            "translation": [ 0, 3, 1 ],
            "scale": [ 4.0, 3.0, 1.0 ]
        },
        "firstperson_righthand": {
            "rotation": [ 0, -90, 25 ],
            "translation": [ 1.13, 3.2, 1.13],
            "scale": [ 4.0, 3.0, 0 ]
        },
        "fixed": {
            "rotation": [ 0, 180, 0 ],
            "scale": [ 4.0, 3.0, 0 ]
        }
    },
    "textures": {
        "layer0": "minecraft:item/cr_logo"
    }
}
