{
    "parent": "minecraft:block/dragon_egg",
    "overrides":[
        {"predicate":{"custom_model_data":1},"model":"item/dragon_skull"},
        {"predicate":{"custom_model_data":2},"model":"item/dragon_skull_blinking"},
        {"predicate":{"custom_model_data":3},"model":"item/red_dragon_skull"},
        {"predicate":{"custom_model_data":4},"model":"item/red_dragon_skull_blinking"},
        {"predicate":{"custom_model_data":5},"model":"item/blue_dragon_skull"},
        {"predicate":{"custom_model_data":6},"model":"item/blue_dragon_skull_blinking"},
        {"predicate":{"custom_model_data":7},"model":"item/green_dragon_skull"},
        {"predicate":{"custom_model_data":8},"model":"item/green_dragon_skull_blinking"},
        {"predicate":{"custom_model_data":9},"model":"item/gold_dragon_skull"},
        {"predicate":{"custom_model_data":10},"model":"item/gold_dragon_skull_blinking"}
    ]
  }