{
	"credit": "Made with Blockbench",
	"texture_size": [64, 64],
	"textures": {
		"0": "item/villager_blinking",
		"2": "item/farmer"
	},
	"elements": [
		{
			"from": [0, 6, 0],
			"to": [16, 6, 16],
			"rotation": {"angle": 0, "axis": "y", "origin": [11, 14, 8]},
			"faces": {
				"up": {"uv": [7.75, 12, 11.75, 16], "texture": "#2"},
				"down": {"uv": [7.75, 12, 11.75, 16], "texture": "#2"}
			}
		},
		{
			"name": "head",
			"from": [4, 0, 4],
			"to": [12, 6, 12],
			"rotation": {"angle": 0, "axis": "y", "origin": [8, -22, 8]},
			"faces": {
				"north": {"uv": [2, 3, 4, 4.5], "texture": "#0"},
				"east": {"uv": [0, 3, 2, 4.5], "texture": "#0"},
				"south": {"uv": [6, 3, 8, 4.5], "texture": "#0"},
				"west": {"uv": [4, 3, 6, 4.5], "texture": "#0"},
				"down": {"uv": [6, 0, 4, 2], "texture": "#0"}
			}
		},
		{
			"name": "nose",
			"from": [7, -1, 2],
			"to": [9, 3, 4],
			"rotation": {"angle": 0, "axis": "y", "origin": [8, -24, 8]},
			"faces": {
				"north": {"uv": [6.5, 0.5, 7, 1.5], "texture": "#0"},
				"east": {"uv": [6, 0.5, 6.5, 1.5], "texture": "#0"},
				"south": {"uv": [7.5, 0.5, 8, 1.5], "texture": "#0"},
				"west": {"uv": [7, 0.5, 7.5, 1.5], "texture": "#0"},
				"up": {"uv": [7, 0.5, 6.5, 0], "texture": "#0"},
				"down": {"uv": [7.5, 0, 7, 0.5], "texture": "#0"}
			}
		},
		{
			"from": [4, 6, 4],
			"to": [12, 10, 12],
			"rotation": {"angle": 0, "axis": "y", "origin": [12, 14, 12]},
			"faces": {
				"north": {"uv": [10, 2, 12, 3], "texture": "#2"},
				"east": {"uv": [8, 2, 10, 3], "texture": "#2"},
				"south": {"uv": [14, 2, 16, 3], "texture": "#2"},
				"west": {"uv": [12, 2, 14, 3], "texture": "#2"},
				"up": {"uv": [10, 0, 12, 2], "texture": "#2"}
			}
		}
	],
	"display": {
		"ground": {
			"scale": [0.25, 0.25, 0.25]
		},
		"gui": {
			"rotation": [22.5, -135, 0],
			"translation": [0, 2.5, 0]
		},
		"head": {
			"translation": [0, 7, 0],
			"scale": [1.85, 1.85, 1.85]
		}
	},
	"groups": [0,
		{
			"name": "head",
			"origin": [0, 24, 0],
			"children": [1,
				{
					"name": "nose",
					"origin": [0, 26, 0],
					"children": [2]
				}
			]
		}, 3]
}