{
	"credit": "Made with Blockbench",
	"texture_size": [64, 64],
	"textures": {
		"0": "item/villager",
		"1": "item/fisherman",
		"particle": "item/fisherman"
	},
	"elements": [
		{
			"from": [3.5, 6, 3.5],
			"to": [12.5, 8, 3.5],
			"rotation": {"angle": 0, "axis": "y", "origin": [11, 14, 11]},
			"faces": {
				"north": {"uv": [10, 2.5, 12, 3], "texture": "#1"},
				"south": {"uv": [10, 2.5, 12, 3], "texture": "#1"}
			}
		},
		{
			"from": [3.5, 6, 12.5],
			"to": [12.5, 8, 12.5],
			"rotation": {"angle": 0, "axis": "y", "origin": [11, 14, 20]},
			"faces": {
				"north": {"uv": [14, 2.5, 16, 3], "texture": "#1"},
				"south": {"uv": [14, 2.5, 16, 3], "texture": "#1"}
			}
		},
		{
			"from": [3.5, 6, 3.5],
			"to": [3.5, 8, 12.5],
			"rotation": {"angle": 0, "axis": "y", "origin": [11, 14, 11]},
			"faces": {
				"east": {"uv": [12, 2.5, 14, 3], "texture": "#1"},
				"west": {"uv": [12, 2.5, 14, 3], "texture": "#1"}
			}
		},
		{
			"from": [12.5, 6, 3.5],
			"to": [12.5, 8, 12.5],
			"rotation": {"angle": 0, "axis": "y", "origin": [20, 14, 11]},
			"faces": {
				"east": {"uv": [8, 2.5, 10, 3], "texture": "#1"},
				"west": {"uv": [8, 2.5, 10, 3], "texture": "#1"}
			}
		},
		{
			"from": [2, 6, 2],
			"to": [14, 6, 14],
			"rotation": {"angle": 0, "axis": "y", "origin": [13, 14, 10]},
			"faces": {
				"up": {"uv": [8.25, 12.5, 11.25, 15.5], "texture": "#1"},
				"down": {"uv": [8.25, 12.5, 11.25, 15.5], "texture": "#1"}
			}
		},
		{
			"name": "head",
			"from": [4, 0, 4],
			"to": [12, 7, 12],
			"rotation": {"angle": 0, "axis": "y", "origin": [8, -22, 8]},
			"faces": {
				"north": {"uv": [2, 2.75, 4, 4.5], "texture": "#0"},
				"east": {"uv": [0, 2.75, 2, 4.5], "texture": "#0"},
				"south": {"uv": [6, 2.75, 8, 4.5], "texture": "#0"},
				"west": {"uv": [4, 2.75, 6, 4.5], "texture": "#0"},
				"down": {"uv": [6, 0, 4, 2], "texture": "#0"}
			}
		},
		{
			"name": "nose",
			"from": [7, -1, 2],
			"to": [9, 3, 4],
			"rotation": {"angle": 0, "axis": "y", "origin": [8, -24, 8]},
			"faces": {
				"north": {"uv": [6.5, 0.5, 7, 1.5], "texture": "#0"},
				"east": {"uv": [6, 0.5, 6.5, 1.5], "texture": "#0"},
				"south": {"uv": [7.5, 0.5, 8, 1.5], "texture": "#0"},
				"west": {"uv": [7, 0.5, 7.5, 1.5], "texture": "#0"},
				"up": {"uv": [7, 0.5, 6.5, 0], "texture": "#0"},
				"down": {"uv": [7.5, 0, 7, 0.5], "texture": "#0"}
			}
		},
		{
			"from": [4, 7, 4],
			"to": [12, 10, 12],
			"rotation": {"angle": 0, "axis": "y", "origin": [12, 14, 12]},
			"faces": {
				"north": {"uv": [2, 2, 4, 2.75], "texture": "#1"},
				"east": {"uv": [0, 2, 2, 2.75], "texture": "#1"},
				"south": {"uv": [6, 2, 8, 2.75], "texture": "#1"},
				"west": {"uv": [4, 2, 6, 2.75], "texture": "#1"},
				"up": {"uv": [2, 0, 4, 2], "texture": "#1"}
			}
		}
	],
	"display": {
		"ground": {
			"scale": [0.25, 0.25, 0.25]
		},
		"gui": {
			"rotation": [22.5, -135, 0],
			"translation": [0, 2.5, 0]
		},
		"head": {
			"translation": [0, 7, 0],
			"scale": [1.85, 1.85, 1.85]
		}
	},
	"groups": [0, 1, 2, 3, 4,
		{
			"name": "head",
			"origin": [0, 24, 0],
			"children": [5,
				{
					"name": "nose",
					"origin": [0, 26, 0],
					"children": [6]
				}
			]
		}, 7]
}