{
	"credit": "Made with Blockbench",
	"texture_size": [64, 64],
	"textures": {
		"1": "item/zombie_villager",
		"particle": "item/zombie_villager"
	},
	"elements": [
		{
			"name": "head",
			"from": [4, 0, 4],
			"to": [12, 10, 12],
			"rotation": {"angle": 0, "axis": "y", "origin": [8, -22, 8]},
			"faces": {
				"north": {"uv": [2, 10, 4, 12.5], "texture": "#1"},
				"east": {"uv": [0, 10, 2, 12.5], "texture": "#1"},
				"south": {"uv": [6, 10, 8, 12.5], "texture": "#1"},
				"west": {"uv": [4, 10, 6, 12.5], "texture": "#1"},
				"up": {"uv": [4, 10, 2, 8], "texture": "#1"},
				"down": {"uv": [6, 8, 4, 10], "texture": "#1"}
			}
		},
		{
			"name": "nose",
			"from": [7, -1, 2],
			"to": [9, 3, 4],
			"rotation": {"angle": 0, "axis": "y", "origin": [8, -24, 8]},
			"faces": {
				"north": {"uv": [6.5, 8.5, 7, 9.5], "texture": "#1"},
				"east": {"uv": [6, 8.5, 6.5, 9.5], "texture": "#1"},
				"south": {"uv": [7.5, 8.5, 8, 9.5], "texture": "#1"},
				"west": {"uv": [7, 8.5, 7.5, 9.5], "texture": "#1"},
				"up": {"uv": [7, 8.5, 6.5, 8], "texture": "#1"},
				"down": {"uv": [7.5, 8, 7, 8.5], "texture": "#1"}
			}
		}
	],
	"display": {
		"ground": {
			"scale": [0.25, 0.25, 0.25]
		},
		"gui": {
			"rotation": [22.5, -135, 0],
			"translation": [0, 2.5, 0]
		},
		"head": {
			"translation": [0, 7, 0],
			"scale": [1.85, 1.85, 1.85]
		}
	},
	"groups": [
		{
			"name": "head",
			"origin": [0, 24, 0],
			"children": [0,
				{
					"name": "nose",
					"origin": [0, 26, 0],
					"children": [1]
				}
			]
		}
	]
}