{
  "parent": "minecraft:item/generated",
  "textures": {
    "layer0": "minecraft:item/armor_stand"
  }, "overrides":[
    
    {  "predicate":{"custom_model_data":1},"model":"statue/old_theo" },
    {  "predicate":{"custom_model_data":2},"model":"statue/evoker" },
    {  "predicate":{"custom_model_data":3},"model":"statue/piglin" },
    {  "predicate":{"custom_model_data":4},"model":"statue/parkour" },
    {  "predicate":{"custom_model_data":5},"model":"statue/theo" },
    {  "predicate":{"custom_model_data":6},"model":"statue/incend" },
    {  "predicate":{"custom_model_data":7},"model":"statue/drakier" },
    {  "predicate":{"custom_model_data":8},"model":"statue/gracea" },
    {  "predicate":{"custom_model_data":9},"model":"statue/callidus" },
    {  "predicate":{"custom_model_data":10},"model":"statue/melon_man" },
    {  "predicate":{"custom_model_data":11},"model":"statue/gene" },
    {  "predicate":{"custom_model_data":12},"model":"statue/malice" },
    {  "predicate":{"custom_model_data":13},"model":"statue/zombie" },
    {  "predicate":{"custom_model_data":14},"model":"statue/skeleton" },
    {  "predicate":{"custom_model_data":15},"model":"statue/spider" },
    {  "predicate":{"custom_model_data":16},"model":"statue/creeper" },
    {  "predicate":{"custom_model_data":17},"model":"statue/enderman" },
    {  "predicate":{"custom_model_data":18},"model":"statue/slime" },
    {  "predicate":{"custom_model_data":19},"model":"statue/blaze" },
    {  "predicate":{"custom_model_data":20},"model":"statue/chicken" },
    {  "predicate":{"custom_model_data":21},"model":"statue/sea_lantern" }
    


  ]
}