{
	"credit": "Made with Blockbench",
	"texture_size": [8, 8],
	"textures": {
		"0": "item/baby_creeper_texture",
		"particle": "item/baby_creeper_texture"
	},
	"elements": [
		{
			"name": "Body",
			"from": [4, 6, 6],
			"to": [12, 14, 10],
			"rotation": {"angle": 0, "axis": "y", "origin": [12, 14, 14]},
			"faces": {
				"north": {"uv": [8, 9, 10, 11], "texture": "#0"},
				"east": {"uv": [12, 9, 13, 11], "texture": "#0"},
				"south": {"uv": [10, 9, 12, 11], "texture": "#0"},
				"west": {"uv": [7, 9, 8, 11], "texture": "#0"},
				"down": {"uv": [10, 8, 12, 9], "texture": "#0"}
			}
		},
		{
			"name": "Head",
			"from": [4, 14, 4],
			"to": [12, 22, 12],
			"rotation": {"angle": 0, "axis": "y", "origin": [12, 22, 12]},
			"faces": {
				"north": {"uv": [5, 6, 7, 8], "texture": "#0"},
				"east": {"uv": [3, 6, 5, 8], "texture": "#0"},
				"south": {"uv": [9, 6, 11, 8], "texture": "#0"},
				"west": {"uv": [7, 6, 9, 8], "texture": "#0"},
				"up": {"uv": [5, 4, 7, 6], "texture": "#0"},
				"down": {"uv": [7, 4, 9, 6], "texture": "#0"}
			}
		},
		{
			"from": [4, 0, 2],
			"to": [8, 6, 6],
			"rotation": {"angle": 0, "axis": "y", "origin": [12, 8, 10]},
			"faces": {
				"north": {"uv": [4, 9, 5, 10.5], "texture": "#0"},
				"south": {"uv": [6, 9, 7, 10.5], "texture": "#0"},
				"west": {"uv": [5, 9, 6, 10.5], "texture": "#0"},
				"up": {"uv": [4, 8, 5, 9], "texture": "#0"},
				"down": {"uv": [5, 8, 6, 9], "texture": "#0"}
			}
		},
		{
			"from": [8, 0, 10],
			"to": [12, 6, 14],
			"rotation": {"angle": 0, "axis": "y", "origin": [16, 8, 18]},
			"faces": {
				"north": {"uv": [4, 9, 5, 10.5], "texture": "#0"},
				"east": {"uv": [3, 9, 4, 10.5], "texture": "#0"},
				"south": {"uv": [6, 9, 7, 10.5], "texture": "#0"},
				"up": {"uv": [4, 8, 5, 9], "texture": "#0"},
				"down": {"uv": [5, 8, 6, 9], "texture": "#0"}
			}
		},
		{
			"from": [4, 0, 10],
			"to": [8, 6, 14],
			"rotation": {"angle": 0, "axis": "y", "origin": [12, 8, 18]},
			"faces": {
				"north": {"uv": [4, 9, 5, 10.5], "texture": "#0"},
				"south": {"uv": [6, 9, 7, 10.5], "texture": "#0"},
				"west": {"uv": [5, 9, 6, 10.5], "texture": "#0"},
				"up": {"uv": [4, 8, 5, 9], "texture": "#0"},
				"down": {"uv": [5, 8, 6, 9], "texture": "#0"}
			}
		},
		{
			"from": [8, 0, 2],
			"to": [12, 6, 6],
			"rotation": {"angle": 0, "axis": "y", "origin": [16, 8, 10]},
			"faces": {
				"north": {"uv": [4, 9, 5, 10.5], "texture": "#0"},
				"east": {"uv": [3, 9, 4, 10.5], "texture": "#0"},
				"south": {"uv": [6, 9, 7, 10.5], "texture": "#0"},
				"up": {"uv": [4, 8, 5, 9], "texture": "#0"},
				"down": {"uv": [5, 8, 6, 9], "texture": "#0"}
			}
		}
	],
	"display": {
		"thirdperson_righthand": {
			"scale": [0.25, 0.25, 0.25]
		},
		"head": {
			"translation": [0, -35, 0],
			"scale": [1.25, 1.25, 1.25]
		}
	}
}