{
	"credit": "Made with Blockbench",
	"textures": {
		"0": "item/chicken_head",
		"particle": "item/chicken_head"
	},
	"elements": [
		{
			"name": "Head",
			"from": [4, 0, 6],
			"to": [12, 12, 14],
			"rotation": {"angle": 0, "axis": "y", "origin": [12, 8, 14]},
			"faces": {
				"north": {"uv": [4, 5.75, 5, 7.25], "texture": "#0"},
				"east": {"uv": [3, 5.75, 4, 7.25], "texture": "#0"},
				"south": {"uv": [5.75, 5.75, 6.75, 7.25], "texture": "#0"},
				"west": {"uv": [5, 5.75, 6, 7.25], "texture": "#0"},
				"up": {"uv": [4, 4.75, 5, 5.75], "texture": "#0"},
				"down": {"uv": [5, 4.75, 6, 5.75], "texture": "#0"}
			}
		},
		{
			"name": "Beak",
			"from": [4, 4, 2],
			"to": [12, 8, 6],
			"rotation": {"angle": 0, "axis": "y", "origin": [12, 12, 10]},
			"faces": {
				"north": {"uv": [7.25, 5.5, 8.25, 6], "texture": "#0"},
				"east": {"uv": [6.75, 5.5, 7.25, 6], "texture": "#0"},
				"west": {"uv": [8.25, 5.5, 8.75, 6], "texture": "#0"},
				"up": {"uv": [7.25, 5, 8.25, 5.5], "rotation": 180, "texture": "#0"},
				"down": {"uv": [8.25, 5, 9.25, 5.5], "texture": "#0"}
			}
		},
		{
			"from": [6, 0, 4],
			"to": [10, 4, 6],
			"rotation": {"angle": 0, "axis": "y", "origin": [14, 8, 12]},
			"faces": {
				"north": {"uv": [7.25, 6.5, 7.75, 7], "texture": "#0"},
				"east": {"uv": [7.25, 6.5, 7.5, 7], "texture": "#0"},
				"west": {"uv": [7.75, 6.25, 8, 6.75], "texture": "#0"},
				"down": {"uv": [7, 6.75, 7.5, 7], "texture": "#0"}
			}
		}
	],
	"display": {
		"gui": {
			"rotation": [39, -135, 0],
			"translation": [0.5, 1, 0],
			"scale": [0.8, 0.8, 0.8]
		},
		"head": {
			"translation": [0, 7.5, -3.25],
			"scale": [2, 2, 2]
		}
	}
}