{
	"credit": "Made with Blockbench",
	
	"textures": {
		"1": "item/oak_log_top",
		"3": "item/oak_log",
		"4": "item/bamboo_stalk",
		"5": "item/marshmallow_top",
		"6": "item/marshmallow_side",
		"particle": "item/oak_log_top"
	},
	"elements": [
		{
			"name": "Base",
			"from": [7, 0, 7],
			"to": [9, 16, 9],
			"rotation": {"angle": 0, "axis": "y", "origin": [15, 8, 15]},
			"faces": {
				"north": {"uv": [13, 0, 15, 16], "texture": "#3"},
				"east": {"uv": [9, 0, 11, 16], "texture": "#3"},
				"south": {"uv": [0, 0, 2, 16], "texture": "#3"},
				"west": {"uv": [1, 0, 3, 16], "texture": "#3"},
				"down": {"uv": [8, 5, 10, 7], "texture": "#1"}
			}
		},
		{
			"name": "edge_of_stick",
			"from": [5, 7, 7.25],
			"to": [7, 8, 8.25],
			"rotation": {"angle": 22.5, "axis": "z", "origin": [13, 15, 1]},
			"faces": {
				"north": {"uv": [11, 3, 12, 5], "rotation": 270, "texture": "#3"},
				"east": {"uv": [6, 5, 7, 6], "rotation": 270, "texture": "#3"},
				"south": {"uv": [7, 10, 8, 12], "rotation": 90, "texture": "#3"},
				"up": {"uv": [7, 9, 8, 11], "rotation": 90, "texture": "#3"},
				"down": {"uv": [1, 10, 2, 12], "rotation": 90, "texture": "#3"}
			}
		},
		{
			"name": "edge_of_stick",
			"from": [9, 11, 7.25],
			"to": [10, 16, 8.25],
			"rotation": {"angle": 22.5, "axis": "z", "origin": [17, 5, 1]},
			"faces": {
				"north": {"uv": [11, 1, 12, 6], "rotation": 180, "texture": "#3"},
				"east": {"uv": [6, 6, 7, 11], "rotation": 180, "texture": "#3"},
				"south": {"uv": [9, 6, 10, 11], "rotation": 180, "texture": "#3"},
				"west": {"uv": [0, 11, 1, 16], "rotation": 180, "texture": "#3"},
				"up": {"uv": [7, 6, 8, 7], "texture": "#3"}
			}
		},
		{
			"name": "leaf",
			"from": [6.5, 11.5, 4],
			"to": [8.5, 12.5, 5.5],
			"rotation": {"angle": 22.5, "axis": "y", "origin": [15, 19, 12]},
			"faces": {
				"north": {"uv": [4, 5, 6, 6], "texture": "#4"},
				"east": {"uv": [1, 10, 3, 11], "texture": "#4"},
				"south": {"uv": [10, 8, 12, 9], "texture": "#4"},
				"west": {"uv": [6, 8, 8, 9], "texture": "#4"},
				"up": {"uv": [6, 6, 8, 8], "texture": "#4"},
				"down": {"uv": [7, 13, 9, 15], "texture": "#4"}
			}
		},
		{
			"name": "marshmallow_side",
			"from": [6, 15, 6],
			"to": [10, 16, 10],
			"rotation": {"angle": 0, "axis": "y", "origin": [14, 23, 14]},
			"faces": {
				"north": {"uv": [0, 13, 4, 14], "texture": "#6"},
				"east": {"uv": [12, 10, 16, 11], "texture": "#6"},
				"south": {"uv": [0, 8, 4, 9], "texture": "#6"},
				"west": {"uv": [12, 6, 16, 7], "texture": "#6"},
				"down": {"uv": [2, 4, 6, 8], "texture": "#6"}
			}
		},
		{
			"name": "marshmallow_side",
			"from": [6, 20, 6],
			"to": [10, 21, 10],
			"rotation": {"angle": 0, "axis": "y", "origin": [14, 28, 14]},
			"faces": {
				"north": {"uv": [11, 0, 15, 1], "texture": "#6"},
				"east": {"uv": [0, 0, 4, 1], "texture": "#6"},
				"south": {"uv": [12, 0, 16, 1], "texture": "#6"},
				"west": {"uv": [2, 9, 6, 10], "texture": "#5"},
				"up": {"uv": [3, 6, 7, 10], "texture": "#5"}
			}
		},
		{
			"name": "marshmallow_side",
			"from": [5, 16, 6],
			"to": [6, 20, 10],
			"rotation": {"angle": 0, "axis": "y", "origin": [13, 24, 14]},
			"faces": {
				"north": {"uv": [12, 0, 13, 4], "texture": "#6"},
				"south": {"uv": [3, 2, 4, 6], "texture": "#6"},
				"west": {"uv": [11, 0, 15, 4], "texture": "#6"},
				"up": {"uv": [2, 0, 3, 4], "texture": "#6"},
				"down": {"uv": [14, 1, 15, 5], "texture": "#6"}
			}
		},
		{
			"name": "marshmallow_side",
			"from": [10, 16, 6],
			"to": [11, 20, 10],
			"rotation": {"angle": 0, "axis": "y", "origin": [18, 24, 14]},
			"faces": {
				"north": {"uv": [3, 4, 4, 8], "texture": "#6"},
				"east": {"uv": [3, 6, 7, 10], "texture": "#6"},
				"south": {"uv": [2, 6, 3, 10], "texture": "#6"},
				"up": {"uv": [1, 7, 2, 11], "texture": "#6"},
				"down": {"uv": [9, 3, 10, 7], "texture": "#6"}
			}
		},
		{
			"name": "marshmallow_side",
			"from": [6, 16, 5],
			"to": [10, 20, 6],
			"rotation": {"angle": 0, "axis": "y", "origin": [14, 24, 13]},
			"faces": {
				"north": {"uv": [10, 2, 14, 6], "texture": "#6"},
				"east": {"uv": [2, 8, 3, 12], "texture": "#6"},
				"west": {"uv": [3, 3, 4, 7], "texture": "#6"},
				"up": {"uv": [3, 2, 7, 3], "texture": "#6"},
				"down": {"uv": [2, 9, 6, 10], "texture": "#6"}
			}
		},
		{
			"name": "marshmallow_side",
			"from": [6, 16, 10],
			"to": [10, 20, 11],
			"rotation": {"angle": 0, "axis": "y", "origin": [14, 24, 18]},
			"faces": {
				"east": {"uv": [11, 0, 12, 4], "texture": "#6"},
				"south": {"uv": [6, 0, 10, 4], "texture": "#6"},
				"west": {"uv": [13, 1, 14, 5], "texture": "#6"},
				"up": {"uv": [3, 0, 7, 1], "texture": "#6"},
				"down": {"uv": [1, 4, 5, 5], "texture": "#6"}
			}
		}
	],
	"display": {
		"thirdperson_righthand": {
			"rotation": [0, -59, 11],
			"translation": [0, 0, 1.25],
			"scale": [0.75, 0.75, 0.75]
		},
		"thirdperson_lefthand": {
			"rotation": [0, 59, 0],
			"translation": [0, 0, 1.25],
			"scale": [0.75, 0.75, 0.75]
		},
		"firstperson_righthand": {
			"rotation": [-47, -28, 29],
			"translation": [4, 0, 0]
		},
		"firstperson_lefthand": {
			"rotation": [-47, -28, 29],
			"translation": [4, 0, 0]
		},
		"ground": {
			"scale": [0.25, 0.25, 0.25]
		},
		"gui": {
			"rotation": [6, 143, -54],
			"translation": [0.25, -1.75, 0],
			"scale": [0.667, 0.667, 0.667]
		},
		"fixed": {
			"translation": [0, -2.25, 0],
			"scale": [0.75, 0.75, 0.75]
		}
	}
}